,lon,lat,date,rain
1,21.25,-28.75,01.01.79,0.721512556
2,23.75,-28.75,01.01.79,1.665643692
3,21.25,-26.25,01.01.79,1.949180245
4,23.75,-26.25,01.01.79,2.273739576
5,21.25,-28.75,02.01.79,0.639126658
6,23.75,-28.75,02.01.79,2.199012756
7,21.25,-26.25,02.01.79,2.006285906
8,23.75,-26.25,02.01.79,2.388442755
9,21.25,-28.75,03.01.79,0.04361194
10,23.75,-28.75,03.01.79,0.564516604
11,21.25,-26.25,03.01.79,0.10593044
12,23.75,-26.25,03.01.79,0.289728612
13,21.25,-28.75,04.01.79,0.654210806
14,23.75,-28.75,04.01.79,1.179534435
15,21.25,-26.25,04.01.79,1.36341393
16,23.75,-26.25,04.01.79,0.909253478
17,21.25,-28.75,05.01.79,0.672041476
18,23.75,-28.75,05.01.79,0.915874898
19,21.25,-26.25,05.01.79,0.626102388
20,23.75,-26.25,05.01.79,0.405656844
21,21.25,-28.75,06.01.79,0.083119735
22,23.75,-28.75,06.01.79,0.065386258
23,21.25,-26.25,06.01.79,0.018550491
24,23.75,-26.25,06.01.79,0.080613777
25,21.25,-28.75,07.01.79,0.441528827
26,23.75,-28.75,07.01.79,0.395899117
27,21.25,-26.25,07.01.79,0.225766718
28,23.75,-26.25,07.01.79,0.05303286
29,21.25,-28.75,08.01.79,0.679496109
30,23.75,-28.75,08.01.79,1.596016049
31,21.25,-26.25,08.01.79,0.445128441
32,23.75,-26.25,08.01.79,1.555186749
33,21.25,-28.75,09.01.79,0.03427738
34,23.75,-28.75,09.01.79,0.060139202
35,21.25,-26.25,09.01.79,0.066836938
36,23.75,-26.25,09.01.79,0.08674901
37,21.25,-28.75,10.01.79,0.518401504
38,23.75,-28.75,10.01.79,1.293747902
39,21.25,-26.25,10.01.79,0.942531466
40,23.75,-26.25,10.01.79,1.486564159
41,21.25,-28.75,11.01.79,0.401714891
42,23.75,-28.75,11.01.79,1.38150692
43,21.25,-26.25,11.01.79,1.009809256
44,23.75,-26.25,11.01.79,2.097892761
45,21.25,-28.75,12.01.79,0.148322284
46,23.75,-28.75,12.01.79,0.697592437
47,21.25,-26.25,12.01.79,0.705316067
48,23.75,-26.25,12.01.79,1.107053041
49,21.25,-28.75,01.01.80,0.082933672
50,23.75,-28.75,01.01.80,0.702216506
51,21.25,-26.25,01.01.80,0.346732169
52,23.75,-26.25,01.01.80,1.237325668
53,21.25,-28.75,02.01.80,1.316609502
54,23.75,-28.75,02.01.80,3.169960737
55,21.25,-26.25,02.01.80,2.373725891
56,23.75,-26.25,02.01.80,2.60286665
57,21.25,-28.75,03.01.80,1.729127049
58,23.75,-28.75,03.01.80,2.147140503
59,21.25,-26.25,03.01.80,1.052032471
60,23.75,-26.25,03.01.80,1.179569125
61,21.25,-28.75,04.01.80,0.191996753
62,23.75,-28.75,04.01.80,0.46632266
63,21.25,-26.25,04.01.80,0.247599632
64,23.75,-26.25,04.01.80,0.530142963
65,21.25,-28.75,05.01.80,0.011211865
66,23.75,-28.75,05.01.80,0.01013069
67,21.25,-26.25,05.01.80,0.013862802
68,23.75,-26.25,05.01.80,0.009659981
69,21.25,-28.75,06.01.80,0.063060775
70,23.75,-28.75,06.01.80,0.019479875
71,21.25,-26.25,06.01.80,0.011613791
72,23.75,-26.25,06.01.80,0.005128822
73,21.25,-28.75,07.01.80,0.004499125
74,23.75,-28.75,07.01.80,0.008216331
75,21.25,-26.25,07.01.80,0.006952094
76,23.75,-26.25,07.01.80,0.004745801
77,21.25,-28.75,08.01.80,0.566260695
78,23.75,-28.75,08.01.80,0.652261615
79,21.25,-26.25,08.01.80,0.175947443
80,23.75,-26.25,08.01.80,0.114120066
81,21.25,-28.75,09.01.80,0.751552939
82,23.75,-28.75,09.01.80,1.088649154
83,21.25,-26.25,09.01.80,0.356415033
84,23.75,-26.25,09.01.80,0.95083648
85,21.25,-28.75,10.01.80,0.06589856
86,23.75,-28.75,10.01.80,0.021052049
87,21.25,-26.25,10.01.80,0.036187932
88,23.75,-26.25,10.01.80,0.050771959
89,21.25,-28.75,11.01.80,0.593710303
90,23.75,-28.75,11.01.80,2.099219322
91,21.25,-26.25,11.01.80,0.692531466
92,23.75,-26.25,11.01.80,2.94963336
93,21.25,-28.75,12.01.80,0.521719635
94,23.75,-28.75,12.01.80,1.036499858
95,21.25,-26.25,12.01.80,0.653950393
96,23.75,-26.25,12.01.80,1.850964785
97,21.25,-28.75,01.01.81,0.20897615
98,23.75,-28.75,01.01.81,2.343178511
99,21.25,-26.25,01.01.81,0.629798591
100,23.75,-26.25,01.01.81,3.722582102
101,21.25,-28.75,02.01.81,1.85599494
102,23.75,-28.75,02.01.81,3.52575326
103,21.25,-26.25,02.01.81,2.742215395
104,23.75,-26.25,02.01.81,3.024230242
105,21.25,-28.75,03.01.81,0.94471705
106,23.75,-28.75,03.01.81,1.550099015
107,21.25,-26.25,03.01.81,1.242501736
108,23.75,-26.25,03.01.81,2.399119139
109,21.25,-28.75,04.01.81,0.104986668
110,23.75,-28.75,04.01.81,0.53249228
111,21.25,-26.25,04.01.81,0.19522278
112,23.75,-26.25,04.01.81,0.223774627
113,21.25,-28.75,05.01.81,0.152221426
114,23.75,-28.75,05.01.81,0.257904291
115,21.25,-26.25,05.01.81,0.024882577
116,23.75,-26.25,05.01.81,0.015535549
117,21.25,-28.75,06.01.81,0.058873542
118,23.75,-28.75,06.01.81,0.192228153
119,21.25,-26.25,06.01.81,0.020823684
120,23.75,-26.25,06.01.81,0.201912194
121,21.25,-28.75,07.01.81,0.011203406
122,23.75,-28.75,07.01.81,0.004038593
123,21.25,-26.25,07.01.81,0.034921966
124,23.75,-26.25,07.01.81,0.004037758
125,21.25,-28.75,08.01.81,1.274609566
126,23.75,-28.75,08.01.81,1.754955888
127,21.25,-26.25,08.01.81,0.690631509
128,23.75,-26.25,08.01.81,0.912796021
129,21.25,-28.75,09.01.81,0.027996987
130,23.75,-28.75,09.01.81,0.038629211
131,21.25,-26.25,09.01.81,0
132,23.75,-26.25,09.01.81,0.1482898
133,21.25,-28.75,10.01.81,0.621323466
134,23.75,-28.75,10.01.81,0.984378457
135,21.25,-26.25,10.01.81,0.515009582
136,23.75,-26.25,10.01.81,0.554221034
137,21.25,-28.75,11.01.81,0.46058169
138,23.75,-28.75,11.01.81,1.504715085
139,21.25,-26.25,11.01.81,0.971605897
140,23.75,-26.25,11.01.81,1.990478039
141,21.25,-28.75,12.01.81,0.32086876
142,23.75,-28.75,12.01.81,2.280053139
143,21.25,-26.25,12.01.81,0.804472268
144,23.75,-26.25,12.01.81,2.269425631
145,21.25,-28.75,01.01.82,0.023594834
146,23.75,-28.75,01.01.82,0.509670198
147,21.25,-26.25,01.01.82,0.638434649
148,23.75,-26.25,01.01.82,0.926782072
149,21.25,-28.75,02.01.82,0.568464816
150,23.75,-28.75,02.01.82,1.573741674
151,21.25,-26.25,02.01.82,0.798610091
152,23.75,-26.25,02.01.82,1.039073586
153,21.25,-28.75,03.01.82,0.602115512
154,23.75,-28.75,03.01.82,1.584015608
155,21.25,-26.25,03.01.82,0.30162701
156,23.75,-26.25,03.01.82,1.27551198
157,21.25,-28.75,04.01.82,1.091338158
158,23.75,-28.75,04.01.82,1.747621298
159,21.25,-26.25,04.01.82,1.276121378
160,23.75,-26.25,04.01.82,2.237672091
161,21.25,-28.75,05.01.82,0.011680974
162,23.75,-28.75,05.01.82,0.009245428
163,21.25,-26.25,05.01.82,0.07617607
164,23.75,-26.25,05.01.82,0.009776141
165,21.25,-28.75,06.01.82,0.126733333
166,23.75,-28.75,06.01.82,0.393539071
167,21.25,-26.25,06.01.82,0.051901858
168,23.75,-26.25,06.01.82,0.090504915
169,21.25,-28.75,07.01.82,0.173202246
170,23.75,-28.75,07.01.82,0.690257311
171,21.25,-26.25,07.01.82,0.173808366
172,23.75,-26.25,07.01.82,0.301550061
173,21.25,-28.75,08.01.82,0.007149316
174,23.75,-28.75,08.01.82,0.005985592
175,21.25,-26.25,08.01.82,0.001989255
176,23.75,-26.25,08.01.82,9.24E-05
177,21.25,-28.75,09.01.82,0.100025259
178,23.75,-28.75,09.01.82,0.077753477
179,21.25,-26.25,09.01.82,0.062409803
180,23.75,-26.25,09.01.82,0.029274635
181,21.25,-28.75,10.01.82,0.802103877
182,23.75,-28.75,10.01.82,1.597680688
183,21.25,-26.25,10.01.82,1.46435082
184,23.75,-26.25,10.01.82,2.577665806
185,21.25,-28.75,11.01.82,0.090404451
186,23.75,-28.75,11.01.82,0.893338859
187,21.25,-26.25,11.01.82,0.401855409
188,23.75,-26.25,11.01.82,1.001220465
189,21.25,-28.75,12.01.82,0.927223861
190,23.75,-28.75,12.01.82,1.316156268
191,21.25,-26.25,12.01.82,0.775768757
192,23.75,-26.25,12.01.82,1.291091681
193,21.25,-28.75,01.01.83,0.427224845
194,23.75,-28.75,01.01.83,0.843606174
195,21.25,-26.25,01.01.83,1.559196353
196,23.75,-26.25,01.01.83,1.79052496
197,21.25,-28.75,02.01.83,0.092827678
198,23.75,-28.75,02.01.83,0.333791196
199,21.25,-26.25,02.01.83,0.064406812
200,23.75,-26.25,02.01.83,0.407043248
201,21.25,-28.75,03.01.83,0.439689934
202,23.75,-28.75,03.01.83,0.909434974
203,21.25,-26.25,03.01.83,0.952226222
204,23.75,-26.25,03.01.83,1.059989214
205,21.25,-28.75,04.01.83,0.420984268
206,23.75,-28.75,04.01.83,0.622378349
207,21.25,-26.25,04.01.83,0.395613015
208,23.75,-26.25,04.01.83,0.466286838
209,21.25,-28.75,05.01.83,0.449693054
210,23.75,-28.75,05.01.83,0.567536056
211,21.25,-26.25,05.01.83,0.529711723
212,23.75,-26.25,05.01.83,1.138650417
213,21.25,-28.75,06.01.83,0.491858721
214,23.75,-28.75,06.01.83,0.534598351
215,21.25,-26.25,06.01.83,0.241165265
216,23.75,-26.25,06.01.83,0.395907819
217,21.25,-28.75,07.01.83,0.013385704
218,23.75,-28.75,07.01.83,0.205638662
219,21.25,-26.25,07.01.83,0.017281957
220,23.75,-26.25,07.01.83,0.194593966
221,21.25,-28.75,08.01.83,0
222,23.75,-28.75,08.01.83,0.011594692
223,21.25,-26.25,08.01.83,0.003681139
224,23.75,-26.25,08.01.83,0.089072719
225,21.25,-28.75,09.01.83,0.23654753
226,23.75,-28.75,09.01.83,0.329510599
227,21.25,-26.25,09.01.83,0.051012117
228,23.75,-26.25,09.01.83,0.124615081
229,21.25,-28.75,10.01.83,0.319151998
230,23.75,-28.75,10.01.83,0.928511918
231,21.25,-26.25,10.01.83,0.436222225
232,23.75,-26.25,10.01.83,0.670957446
233,21.25,-28.75,11.01.83,1.512685776
234,23.75,-28.75,11.01.83,2.888216496
235,21.25,-26.25,11.01.83,1.52450943
236,23.75,-26.25,11.01.83,1.982433319
237,21.25,-28.75,12.01.83,1.117987633
238,23.75,-28.75,12.01.83,1.998509288
239,21.25,-26.25,12.01.83,2.398330212
240,23.75,-26.25,12.01.83,2.092585564
241,21.25,-28.75,01.01.84,0.078213491
242,23.75,-28.75,01.01.84,0.335518688
243,21.25,-26.25,01.01.84,0.330281258
244,23.75,-26.25,01.01.84,0.463288337
245,21.25,-28.75,02.01.84,0.17361258
246,23.75,-28.75,02.01.84,0.765692532
247,21.25,-26.25,02.01.84,0.309901595
248,23.75,-26.25,02.01.84,0.472381979
249,21.25,-28.75,03.01.84,0.975574017
250,23.75,-28.75,03.01.84,2.613121986
251,21.25,-26.25,03.01.84,1.18089211
252,23.75,-26.25,03.01.84,3.028108835
253,21.25,-28.75,04.01.84,0.823018312
254,23.75,-28.75,04.01.84,0.867878556
255,21.25,-26.25,04.01.84,1.560824275
256,23.75,-26.25,04.01.84,0.690629363
257,21.25,-28.75,05.01.84,0.311643004
258,23.75,-28.75,05.01.84,0.551877499
259,21.25,-26.25,05.01.84,0.516625106
260,23.75,-26.25,05.01.84,0.791270554
261,21.25,-28.75,06.01.84,0.50846678
262,23.75,-28.75,06.01.84,0.153898373
263,21.25,-26.25,06.01.84,0.024032647
264,23.75,-26.25,06.01.84,0.251974136
265,21.25,-28.75,07.01.84,0.001708974
266,23.75,-28.75,07.01.84,0.006496769
267,21.25,-26.25,07.01.84,0.004235442
268,23.75,-26.25,07.01.84,0.011116955
269,21.25,-28.75,08.01.84,0.102506168
270,23.75,-28.75,08.01.84,0.546418428
271,21.25,-26.25,08.01.84,0.005420447
272,23.75,-26.25,08.01.84,0.094342783
273,21.25,-28.75,09.01.84,0.003665546
274,23.75,-28.75,09.01.84,0.096878022
275,21.25,-26.25,09.01.84,0.00211812
276,23.75,-26.25,09.01.84,0.138909653
277,21.25,-28.75,10.01.84,0.296437711
278,23.75,-28.75,10.01.84,2.079666376
279,21.25,-26.25,10.01.84,0.763768315
280,23.75,-26.25,10.01.84,1.387465954
281,21.25,-28.75,11.01.84,0.231164604
282,23.75,-28.75,11.01.84,1.089365363
283,21.25,-26.25,11.01.84,0.679222465
284,23.75,-26.25,11.01.84,1.253821135
285,21.25,-28.75,12.01.84,0.029178187
286,23.75,-28.75,12.01.84,0.268208206
287,21.25,-26.25,12.01.84,0.098469041
288,23.75,-26.25,12.01.84,0.778307557
289,21.25,-28.75,01.01.85,0.798244059
290,23.75,-28.75,01.01.85,1.083012342
291,21.25,-26.25,01.01.85,1.469646931
292,23.75,-26.25,01.01.85,1.636101604
293,21.25,-28.75,02.01.85,1.135468245
294,23.75,-28.75,02.01.85,2.63445878
295,21.25,-26.25,02.01.85,1.404366016
296,23.75,-26.25,02.01.85,2.664490461
297,21.25,-28.75,03.01.85,0.783701479
298,23.75,-28.75,03.01.85,1.512705803
299,21.25,-26.25,03.01.85,0.560703278
300,23.75,-26.25,03.01.85,1.044554234
301,21.25,-28.75,04.01.85,0.252781361
302,23.75,-28.75,04.01.85,0.207888752
303,21.25,-26.25,04.01.85,0.123718739
304,23.75,-26.25,04.01.85,0.093743511
305,21.25,-28.75,05.01.85,0.076395586
306,23.75,-28.75,05.01.85,0.069047377
307,21.25,-26.25,05.01.85,0.04011108
308,23.75,-26.25,05.01.85,0.009075921
309,21.25,-28.75,06.01.85,0.016695831
310,23.75,-28.75,06.01.85,0.014020442
311,21.25,-26.25,06.01.85,0.006936282
312,23.75,-26.25,06.01.85,0.000997828
313,21.25,-28.75,07.01.85,0.002159607
314,23.75,-28.75,07.01.85,0.001500311
315,21.25,-26.25,07.01.85,0.001155477
316,23.75,-26.25,07.01.85,0.000587371
317,21.25,-28.75,08.01.85,0
318,23.75,-28.75,08.01.85,0.013466492
319,21.25,-26.25,08.01.85,0.001873564
320,23.75,-26.25,08.01.85,0.003655548
321,21.25,-28.75,09.01.85,0.170129031
322,23.75,-28.75,09.01.85,0.292101383
323,21.25,-26.25,09.01.85,0.069173396
324,23.75,-26.25,09.01.85,0.246266067
325,21.25,-28.75,10.01.85,0.685624838
326,23.75,-28.75,10.01.85,1.751441717
327,21.25,-26.25,10.01.85,0.535137057
328,23.75,-26.25,10.01.85,1.073583364
329,21.25,-28.75,11.01.85,1.23549521
330,23.75,-28.75,11.01.85,1.364126801
331,21.25,-26.25,11.01.85,0.396869153
332,23.75,-26.25,11.01.85,0.968328774
333,21.25,-28.75,12.01.85,1.398805976
334,23.75,-28.75,12.01.85,2.500823975
335,21.25,-26.25,12.01.85,1.143888593
336,23.75,-26.25,12.01.85,1.979369402
337,21.25,-28.75,01.01.86,0.49729073
338,23.75,-28.75,01.01.86,1.888765574
339,21.25,-26.25,01.01.86,0.910430074
340,23.75,-26.25,01.01.86,1.94296813
341,21.25,-28.75,02.01.86,0.367559195
342,23.75,-28.75,02.01.86,1.172367692
343,21.25,-26.25,02.01.86,1.459388971
344,23.75,-26.25,02.01.86,1.608867645
345,21.25,-28.75,03.01.86,0.485182852
346,23.75,-28.75,03.01.86,1.049352407
347,21.25,-26.25,03.01.86,0.407346189
348,23.75,-26.25,03.01.86,0.60114187
349,21.25,-28.75,04.01.86,0.452875495
350,23.75,-28.75,04.01.86,0.536468387
351,21.25,-26.25,04.01.86,0.996445119
352,23.75,-26.25,04.01.86,0.592915177
353,21.25,-28.75,05.01.86,0.04083069
354,23.75,-28.75,05.01.86,0.005244037
355,21.25,-26.25,05.01.86,0.016500046
356,23.75,-26.25,05.01.86,0.010927658
357,21.25,-28.75,06.01.86,0.434611827
358,23.75,-28.75,06.01.86,0.375203341
359,21.25,-26.25,06.01.86,0.31175369
360,23.75,-26.25,06.01.86,0.190107346
361,21.25,-28.75,07.01.86,0.03613665
362,23.75,-28.75,07.01.86,0.007750922
363,21.25,-26.25,07.01.86,0.044196989
364,23.75,-26.25,07.01.86,0.037902407
365,21.25,-28.75,08.01.86,0.021712836
366,23.75,-28.75,08.01.86,0.211938247
367,21.25,-26.25,08.01.86,0.004846182
368,23.75,-26.25,08.01.86,0.14242138
369,21.25,-28.75,09.01.86,0.152080745
370,23.75,-28.75,09.01.86,0.609049082
371,21.25,-26.25,09.01.86,0.37397033
372,23.75,-26.25,09.01.86,0.429233044
373,21.25,-28.75,10.01.86,0.416222453
374,23.75,-28.75,10.01.86,1.027077198
375,21.25,-26.25,10.01.86,1.278155804
376,23.75,-26.25,10.01.86,2.364631891
377,21.25,-28.75,11.01.86,0.466187805
378,23.75,-28.75,11.01.86,1.106395125
379,21.25,-26.25,11.01.86,1.857359886
380,23.75,-26.25,11.01.86,2.906321526
381,21.25,-28.75,12.01.86,0.03951633
382,23.75,-28.75,12.01.86,0.396982968
383,21.25,-26.25,12.01.86,0.267248809
384,23.75,-26.25,12.01.86,0.939710081
385,21.25,-28.75,01.01.87,0.017675677
386,23.75,-28.75,01.01.87,0.501461923
387,21.25,-26.25,01.01.87,0.130601525
388,23.75,-26.25,01.01.87,0.778241754
389,21.25,-28.75,02.01.87,0.712561488
390,23.75,-28.75,02.01.87,2.647380352
391,21.25,-26.25,02.01.87,1.929393291
392,23.75,-26.25,02.01.87,2.154667139
393,21.25,-28.75,03.01.87,0.370991141
394,23.75,-28.75,03.01.87,0.965557575
395,21.25,-26.25,03.01.87,0.670737863
396,23.75,-26.25,03.01.87,1.199543834
397,21.25,-28.75,04.01.87,0.573535621
398,23.75,-28.75,04.01.87,0.732112646
399,21.25,-26.25,04.01.87,0.616534889
400,23.75,-26.25,04.01.87,0.280999064
401,21.25,-28.75,05.01.87,0.142257065
402,23.75,-28.75,05.01.87,0.018608952
403,21.25,-26.25,05.01.87,0.015105949
404,23.75,-26.25,05.01.87,0.00482456
405,21.25,-28.75,06.01.87,0.029049261
406,23.75,-28.75,06.01.87,0.023248531
407,21.25,-26.25,06.01.87,0.002198545
408,23.75,-26.25,06.01.87,0.003894303
409,21.25,-28.75,07.01.87,0.263304949
410,23.75,-28.75,07.01.87,0.638424873
411,21.25,-26.25,07.01.87,0.111772701
412,23.75,-26.25,07.01.87,0.101203129
413,21.25,-28.75,08.01.87,0.006550862
414,23.75,-28.75,08.01.87,0.082637779
415,21.25,-26.25,08.01.87,0.003202835
416,23.75,-26.25,08.01.87,0.058091857
417,21.25,-28.75,09.01.87,0.683416724
418,23.75,-28.75,09.01.87,2.101869345
419,21.25,-26.25,09.01.87,0.826214671
420,23.75,-26.25,09.01.87,1.918594599
421,21.25,-28.75,10.01.87,0.250098348
422,23.75,-28.75,10.01.87,0.456481457
423,21.25,-26.25,10.01.87,0.409107149
424,23.75,-26.25,10.01.87,0.525742531
425,21.25,-28.75,11.01.87,0.805739105
426,23.75,-28.75,11.01.87,1.374513984
427,21.25,-26.25,11.01.87,1.506594181
428,23.75,-26.25,11.01.87,1.76028955
429,21.25,-28.75,12.01.87,0.269941121
430,23.75,-28.75,12.01.87,1.35290277
431,21.25,-26.25,12.01.87,1.166483283
432,23.75,-26.25,12.01.87,2.842680216
433,21.25,-28.75,01.01.88,0.201918274
434,23.75,-28.75,01.01.88,0.512151897
435,21.25,-26.25,01.01.88,1.357231855
436,23.75,-26.25,01.01.88,1.099222898
437,21.25,-28.75,02.01.88,2.773671389
438,23.75,-28.75,02.01.88,9.938160896
439,21.25,-26.25,02.01.88,3.658345222
440,23.75,-26.25,02.01.88,8.626410484
441,21.25,-28.75,03.01.88,2.431618452
442,23.75,-28.75,03.01.88,3.441332102
443,21.25,-26.25,03.01.88,2.577553749
444,23.75,-26.25,03.01.88,3.002473116
445,21.25,-28.75,04.01.88,1.30866456
446,23.75,-28.75,04.01.88,3.633388042
447,21.25,-26.25,04.01.88,2.239926815
448,23.75,-26.25,04.01.88,2.747909546
449,21.25,-28.75,05.01.88,0.119647138
450,23.75,-28.75,05.01.88,0.097401746
451,21.25,-26.25,05.01.88,0.060297947
452,23.75,-26.25,05.01.88,0.083611958
453,21.25,-28.75,06.01.88,0.015929438
454,23.75,-28.75,06.01.88,0.170890927
455,21.25,-26.25,06.01.88,0.004645147
456,23.75,-26.25,06.01.88,0.074407987
457,21.25,-28.75,07.01.88,0.004204658
458,23.75,-28.75,07.01.88,0.004558832
459,21.25,-26.25,07.01.88,0.003329392
460,23.75,-26.25,07.01.88,0.001566905
461,21.25,-28.75,08.01.88,0.163221642
462,23.75,-28.75,08.01.88,0.038913038
463,21.25,-26.25,08.01.88,0.012835471
464,23.75,-26.25,08.01.88,0.019412976
465,21.25,-28.75,09.01.88,0.466475904
466,23.75,-28.75,09.01.88,1.19046545
467,21.25,-26.25,09.01.88,0.250495076
468,23.75,-26.25,09.01.88,0.622405052
469,21.25,-28.75,10.01.88,0.271437377
470,23.75,-28.75,10.01.88,1.630308747
471,21.25,-26.25,10.01.88,0.527588129
472,23.75,-26.25,10.01.88,2.182077169
473,21.25,-28.75,11.01.88,0.670815825
474,23.75,-28.75,11.01.88,1.899878979
475,21.25,-26.25,11.01.88,0.87662977
476,23.75,-26.25,11.01.88,1.986593246
477,21.25,-28.75,12.01.88,1.913377643
478,23.75,-28.75,12.01.88,3.338360548
479,21.25,-26.25,12.01.88,1.997753501
480,23.75,-26.25,12.01.88,2.335989475
481,21.25,-28.75,01.01.89,1.313323021
482,23.75,-28.75,01.01.89,2.960429192
483,21.25,-26.25,01.01.89,2.183949947
484,23.75,-26.25,01.01.89,3.504501581
485,21.25,-28.75,02.01.89,2.847014189
486,23.75,-28.75,02.01.89,3.948700905
487,21.25,-26.25,02.01.89,3.431165934
488,23.75,-26.25,02.01.89,5.158231735
489,21.25,-28.75,03.01.89,0.435608894
490,23.75,-28.75,03.01.89,1.005910397
491,21.25,-26.25,03.01.89,0.760591865
492,23.75,-26.25,03.01.89,0.807478189
493,21.25,-28.75,04.01.89,1.571554661
494,23.75,-28.75,04.01.89,2.258878231
495,21.25,-26.25,04.01.89,1.665322781
496,23.75,-26.25,04.01.89,2.311723709
497,21.25,-28.75,05.01.89,0.198344931
498,23.75,-28.75,05.01.89,0.434576124
499,21.25,-26.25,05.01.89,0.158305258
500,23.75,-26.25,05.01.89,0.584023416
501,21.25,-28.75,06.01.89,0.010523012
502,23.75,-28.75,06.01.89,0.029464997
503,21.25,-26.25,06.01.89,0.019441709
504,23.75,-26.25,06.01.89,0.121725649
505,21.25,-28.75,07.01.89,0.054521624
506,23.75,-28.75,07.01.89,0.029726233
507,21.25,-26.25,07.01.89,0.005170512
508,23.75,-26.25,07.01.89,0.031993702
509,21.25,-28.75,08.01.89,0.008196805
510,23.75,-28.75,08.01.89,0.021977365
511,21.25,-26.25,08.01.89,0.008209495
512,23.75,-26.25,08.01.89,0.072879627
513,21.25,-28.75,09.01.89,0.13836965
514,23.75,-28.75,09.01.89,0.30854845
515,21.25,-26.25,09.01.89,0.037281163
516,23.75,-26.25,09.01.89,0.028343242
517,21.25,-28.75,10.01.89,0.019827727
518,23.75,-28.75,10.01.89,0.020713326
519,21.25,-26.25,10.01.89,0.053600065
520,23.75,-26.25,10.01.89,0.366826952
521,21.25,-28.75,11.01.89,0.491364211
522,23.75,-28.75,11.01.89,0.933531523
523,21.25,-26.25,11.01.89,0.344754398
524,23.75,-26.25,11.01.89,1.974865079
525,21.25,-28.75,12.01.89,0.086259656
526,23.75,-28.75,12.01.89,0.595752776
527,21.25,-26.25,12.01.89,0.36888954
528,23.75,-26.25,12.01.89,1.35491395
529,21.25,-28.75,01.01.90,0.456209451
530,23.75,-28.75,01.01.90,0.998680651
531,21.25,-26.25,01.01.90,0.887329817
532,23.75,-26.25,01.01.90,1.630512238
533,21.25,-28.75,02.01.90,1.654881835
534,23.75,-28.75,02.01.90,2.642026424
535,21.25,-26.25,02.01.90,1.027073026
536,23.75,-26.25,02.01.90,2.686784983
537,21.25,-28.75,03.01.90,1.029388905
538,23.75,-28.75,03.01.90,1.974070311
539,21.25,-26.25,03.01.90,1.404750109
540,23.75,-26.25,03.01.90,2.276676655
541,21.25,-28.75,04.01.90,1.885492563
542,23.75,-28.75,04.01.90,1.790823936
543,21.25,-26.25,04.01.90,1.426210642
544,23.75,-26.25,04.01.90,2.14145875
545,21.25,-28.75,05.01.90,0.038530946
546,23.75,-28.75,05.01.90,0.047137726
547,21.25,-26.25,05.01.90,0.018565308
548,23.75,-26.25,05.01.90,0.054423906
549,21.25,-28.75,06.01.90,0.649579108
550,23.75,-28.75,06.01.90,0.515015543
551,21.25,-26.25,06.01.90,0.103434518
552,23.75,-26.25,06.01.90,0.053450972
553,21.25,-28.75,07.01.90,0.015942469
554,23.75,-28.75,07.01.90,0.027445288
555,21.25,-26.25,07.01.90,0.015126921
556,23.75,-26.25,07.01.90,0.025528541
557,21.25,-28.75,08.01.90,0.007073335
558,23.75,-28.75,08.01.90,0.069110326
559,21.25,-26.25,08.01.90,0.000216011
560,23.75,-26.25,08.01.90,0.030714124
561,21.25,-28.75,09.01.90,0.050279383
562,23.75,-28.75,09.01.90,0.083772466
563,21.25,-26.25,09.01.90,0.01194552
564,23.75,-26.25,09.01.90,0.084677979
565,21.25,-28.75,10.01.90,0.003699985
566,23.75,-28.75,10.01.90,0.053633455
567,21.25,-26.25,10.01.90,0.181252211
568,23.75,-26.25,10.01.90,0.564398944
569,21.25,-28.75,11.01.90,0.130564094
570,23.75,-28.75,11.01.90,0.242121607
571,21.25,-26.25,11.01.90,0.203321293
572,23.75,-26.25,11.01.90,0.294481426
573,21.25,-28.75,12.01.90,0.911707163
574,23.75,-28.75,12.01.90,1.328889132
575,21.25,-26.25,12.01.90,1.082792759
576,23.75,-26.25,12.01.90,1.509000063
577,21.25,-28.75,01.01.91,2.786705971
578,23.75,-28.75,01.01.91,4.234721661
579,21.25,-26.25,01.01.91,3.735988855
580,23.75,-26.25,01.01.91,5.711762428
581,21.25,-28.75,02.01.91,0.63799876
582,23.75,-28.75,02.01.91,2.513234615
583,21.25,-26.25,02.01.91,1.288934708
584,23.75,-26.25,02.01.91,2.228723288
585,21.25,-28.75,03.01.91,2.297724962
586,23.75,-28.75,03.01.91,4.566836834
587,21.25,-26.25,03.01.91,2.46612668
588,23.75,-26.25,03.01.91,3.963068247
589,21.25,-28.75,04.01.91,0.096274376
590,23.75,-28.75,04.01.91,0.014411399
591,21.25,-26.25,04.01.91,0.008308751
592,23.75,-26.25,04.01.91,0.002648068
593,21.25,-28.75,05.01.91,0.00381969
594,23.75,-28.75,05.01.91,0.027851993
595,21.25,-26.25,05.01.91,0.005219904
596,23.75,-26.25,05.01.91,0.00294475
597,21.25,-28.75,06.01.91,0.49271664
598,23.75,-28.75,06.01.91,1.727007866
599,21.25,-26.25,06.01.91,0.200612903
600,23.75,-26.25,06.01.91,1.078691125
601,21.25,-28.75,07.01.91,0.007967048
602,23.75,-28.75,07.01.91,4.92E-05
603,21.25,-26.25,07.01.91,0.015606115
604,23.75,-26.25,07.01.91,0.010934634
605,21.25,-28.75,08.01.91,0.005524789
606,23.75,-28.75,08.01.91,0.00109359
607,21.25,-26.25,08.01.91,0.000315563
608,23.75,-26.25,08.01.91,0.002614044
609,21.25,-28.75,09.01.91,0.817488313
610,23.75,-28.75,09.01.91,0.693398178
611,21.25,-26.25,09.01.91,0.468655527
612,23.75,-26.25,09.01.91,1.030293941
613,21.25,-28.75,10.01.91,1.514317274
614,23.75,-28.75,10.01.91,3.681861162
615,21.25,-26.25,10.01.91,0.830084383
616,23.75,-26.25,10.01.91,1.823641539
617,21.25,-28.75,11.01.91,0.324588925
618,23.75,-28.75,11.01.91,0.881643414
619,21.25,-26.25,11.01.91,0.509980023
620,23.75,-26.25,11.01.91,0.984329939
621,21.25,-28.75,12.01.91,0.868082941
622,23.75,-28.75,12.01.91,1.302208662
623,21.25,-26.25,12.01.91,1.8148247
624,23.75,-26.25,12.01.91,1.442540169
625,21.25,-28.75,01.01.92,0.141454428
626,23.75,-28.75,01.01.92,0.278373897
627,21.25,-26.25,01.01.92,0.221553996
628,23.75,-26.25,01.01.92,0.311280161
629,21.25,-28.75,02.01.92,0.512669861
630,23.75,-28.75,02.01.92,0.567111313
631,21.25,-26.25,02.01.92,0.336572111
632,23.75,-26.25,02.01.92,0.90956223
633,21.25,-28.75,03.01.92,0.660379529
634,23.75,-28.75,03.01.92,1.59567976
635,21.25,-26.25,03.01.92,0.958918214
636,23.75,-26.25,03.01.92,0.78438133
637,21.25,-28.75,04.01.92,0.060840383
638,23.75,-28.75,04.01.92,0.241657764
639,21.25,-26.25,04.01.92,0.149362117
640,23.75,-26.25,04.01.92,0.405770421
641,21.25,-28.75,05.01.92,0.005105027
642,23.75,-28.75,05.01.92,0.000367677
643,21.25,-26.25,05.01.92,0.005672728
644,23.75,-26.25,05.01.92,0
645,21.25,-28.75,06.01.92,0.015137967
646,23.75,-28.75,06.01.92,0.018699195
647,21.25,-26.25,06.01.92,0.010751836
648,23.75,-26.25,06.01.92,0.005244319
649,21.25,-28.75,07.01.92,0.053071804
650,23.75,-28.75,07.01.92,0.020766778
651,21.25,-26.25,07.01.92,0.016504824
652,23.75,-26.25,07.01.92,0.001690695
653,21.25,-28.75,08.01.92,0.288169771
654,23.75,-28.75,08.01.92,0.465289146
655,21.25,-26.25,08.01.92,0.062159825
656,23.75,-26.25,08.01.92,0.140994146
657,21.25,-28.75,09.01.92,0.0462946
658,23.75,-28.75,09.01.92,0.027759314
659,21.25,-26.25,09.01.92,0.017042592
660,23.75,-26.25,09.01.92,0.022483338
661,21.25,-28.75,10.01.92,0.514662564
662,23.75,-28.75,10.01.92,0.698932528
663,21.25,-26.25,10.01.92,0.291756064
664,23.75,-26.25,10.01.92,0.436221063
665,21.25,-28.75,11.01.92,0.20798637
666,23.75,-28.75,11.01.92,0.847607315
667,21.25,-26.25,11.01.92,0.3625772
668,23.75,-26.25,11.01.92,2.192891836
669,21.25,-28.75,12.01.92,0.032205593
670,23.75,-28.75,12.01.92,0.315932989
671,21.25,-26.25,12.01.92,0.253100514
672,23.75,-26.25,12.01.92,1.364189386
673,21.25,-28.75,01.01.93,0.363619626
674,23.75,-28.75,01.01.93,0.717829287
675,21.25,-26.25,01.01.93,0.498215228
676,23.75,-26.25,01.01.93,0.635999918
677,21.25,-28.75,02.01.93,1.275783181
678,23.75,-28.75,02.01.93,3.417517424
679,21.25,-26.25,02.01.93,1.823201776
680,23.75,-26.25,02.01.93,3.487997293
681,21.25,-28.75,03.01.93,0.58610034
682,23.75,-28.75,03.01.93,1.091026425
683,21.25,-26.25,03.01.93,0.604255974
684,23.75,-26.25,03.01.93,0.779144049
685,21.25,-28.75,04.01.93,0.62361306
686,23.75,-28.75,04.01.93,0.448429734
687,21.25,-26.25,04.01.93,0.717265785
688,23.75,-26.25,04.01.93,0.515337765
689,21.25,-28.75,05.01.93,0.166689068
690,23.75,-28.75,05.01.93,0.088283874
691,21.25,-26.25,05.01.93,0.08285334
692,23.75,-26.25,05.01.93,0.113391861
693,21.25,-28.75,06.01.93,0.172818482
694,23.75,-28.75,06.01.93,0.084020488
695,21.25,-26.25,06.01.93,0.028356615
696,23.75,-26.25,06.01.93,0.031813908
697,21.25,-28.75,07.01.93,0.370395452
698,23.75,-28.75,07.01.93,0.160901278
699,21.25,-26.25,07.01.93,0.038154192
700,23.75,-26.25,07.01.93,0.003756129
701,21.25,-28.75,08.01.93,0.083669625
702,23.75,-28.75,08.01.93,0.096303485
703,21.25,-26.25,08.01.93,0.065379962
704,23.75,-26.25,08.01.93,0.039262794
705,21.25,-28.75,09.01.93,0.027787616
706,23.75,-28.75,09.01.93,0.036178708
707,21.25,-26.25,09.01.93,0.022565704
708,23.75,-26.25,09.01.93,0.156729579
709,21.25,-28.75,10.01.93,0.9039253
710,23.75,-28.75,10.01.93,2.504805565
711,21.25,-26.25,10.01.93,1.828612328
712,23.75,-26.25,10.01.93,2.865771055
713,21.25,-28.75,11.01.93,0.643534422
714,23.75,-28.75,11.01.93,1.16420126
715,21.25,-26.25,11.01.93,0.933882952
716,23.75,-26.25,11.01.93,1.236696482
717,21.25,-28.75,12.01.93,0.350122511
718,23.75,-28.75,12.01.93,1.805422306
719,21.25,-26.25,12.01.93,1.609912753
720,23.75,-26.25,12.01.93,1.972198486
721,21.25,-28.75,01.01.94,1.7565521
722,23.75,-28.75,01.01.94,3.387851954
723,21.25,-26.25,01.01.94,1.620344162
724,23.75,-26.25,01.01.94,2.607775688
725,21.25,-28.75,02.01.94,1.789604068
726,23.75,-28.75,02.01.94,2.931557655
727,21.25,-26.25,02.01.94,2.705588818
728,23.75,-26.25,02.01.94,3.241179943
729,21.25,-28.75,03.01.94,1.480566025
730,23.75,-28.75,03.01.94,1.300052762
731,21.25,-26.25,03.01.94,0.9336133
732,23.75,-26.25,03.01.94,1.011523485
733,21.25,-28.75,04.01.94,0.160680264
734,23.75,-28.75,04.01.94,0.253051788
735,21.25,-26.25,04.01.94,0.051548902
736,23.75,-26.25,04.01.94,0.113282844
737,21.25,-28.75,05.01.94,0.009162625
738,23.75,-28.75,05.01.94,0.026410805
739,21.25,-26.25,05.01.94,0.00911604
740,23.75,-26.25,05.01.94,5.45E-06
741,21.25,-28.75,06.01.94,0.185776323
742,23.75,-28.75,06.01.94,0.109759957
743,21.25,-26.25,06.01.94,0.050318681
744,23.75,-26.25,06.01.94,0.00692002
745,21.25,-28.75,07.01.94,0.096935555
746,23.75,-28.75,07.01.94,0.083666727
747,21.25,-26.25,07.01.94,0.013520927
748,23.75,-26.25,07.01.94,0.01599868
749,21.25,-28.75,08.01.94,0.000473436
750,23.75,-28.75,08.01.94,0.002619643
751,21.25,-26.25,08.01.94,0.000855019
752,23.75,-26.25,08.01.94,0
753,21.25,-28.75,09.01.94,0.007539495
754,23.75,-28.75,09.01.94,0.01983396
755,21.25,-26.25,09.01.94,0.040420137
756,23.75,-26.25,09.01.94,0.001165027
757,21.25,-28.75,10.01.94,0.219165727
758,23.75,-28.75,10.01.94,0.036329634
759,21.25,-26.25,10.01.94,0.068579122
760,23.75,-26.25,10.01.94,0.10378439
761,21.25,-28.75,11.01.94,0.411846757
762,23.75,-28.75,11.01.94,0.900118828
763,21.25,-26.25,11.01.94,0.442488104
764,23.75,-26.25,11.01.94,0.808977962
765,21.25,-28.75,12.01.94,0.158387393
766,23.75,-28.75,12.01.94,0.20745042
767,21.25,-26.25,12.01.94,0.212138534
768,23.75,-26.25,12.01.94,0.403142273
769,21.25,-28.75,01.01.95,0.857832372
770,23.75,-28.75,01.01.95,1.912556887
771,21.25,-26.25,01.01.95,0.547223628
772,23.75,-26.25,01.01.95,2.229813576
773,21.25,-28.75,02.01.95,0.311746031
774,23.75,-28.75,02.01.95,0.817738295
775,21.25,-26.25,02.01.95,0.150094226
776,23.75,-26.25,02.01.95,0.900739968
777,21.25,-28.75,03.01.95,1.87079072
778,23.75,-28.75,03.01.95,3.783284903
779,21.25,-26.25,03.01.95,2.024267435
780,23.75,-26.25,03.01.95,3.820025444
781,21.25,-28.75,04.01.95,0.084121339
782,23.75,-28.75,04.01.95,0.298403472
783,21.25,-26.25,04.01.95,0.060798563
784,23.75,-26.25,04.01.95,0.302539706
785,21.25,-28.75,05.01.95,0.401811481
786,23.75,-28.75,05.01.95,0.654194176
787,21.25,-26.25,05.01.95,0.327602625
788,23.75,-26.25,05.01.95,0.503600419
789,21.25,-28.75,06.01.95,0.007339413
790,23.75,-28.75,06.01.95,0.035542227
791,21.25,-26.25,06.01.95,0.009981622
792,23.75,-26.25,06.01.95,0.008985341
793,21.25,-28.75,07.01.95,0.007478751
794,23.75,-28.75,07.01.95,4.12E-05
795,21.25,-26.25,07.01.95,0.008635316
796,23.75,-26.25,07.01.95,0.001268216
797,21.25,-28.75,08.01.95,0.152902082
798,23.75,-28.75,08.01.95,0.038883496
799,21.25,-26.25,08.01.95,0.004779941
800,23.75,-26.25,08.01.95,0.004903732
801,21.25,-28.75,09.01.95,0.160540938
802,23.75,-28.75,09.01.95,0.167587712
803,21.25,-26.25,09.01.95,0.160312206
804,23.75,-26.25,09.01.95,0.299872696
805,21.25,-28.75,10.01.95,0.154625833
806,23.75,-28.75,10.01.95,0.656765401
807,21.25,-26.25,10.01.95,0.345335901
808,23.75,-26.25,10.01.95,1.04628408
809,21.25,-28.75,11.01.95,1.11374259
810,23.75,-28.75,11.01.95,1.766668797
811,21.25,-26.25,11.01.95,1.529501796
812,23.75,-26.25,11.01.95,2.150186777
813,21.25,-28.75,12.01.95,1.931528687
814,23.75,-28.75,12.01.95,2.87630868
815,21.25,-26.25,12.01.95,1.873735666
816,23.75,-26.25,12.01.95,2.754206181
817,21.25,-28.75,01.01.96,1.147211552
818,23.75,-28.75,01.01.96,1.906522393
819,21.25,-26.25,01.01.96,1.757036924
820,23.75,-26.25,01.01.96,3.197096586
821,21.25,-28.75,02.01.96,2.07355237
822,23.75,-28.75,02.01.96,2.380405188
823,21.25,-26.25,02.01.96,1.534942031
824,23.75,-26.25,02.01.96,2.663403988
825,21.25,-28.75,03.01.96,0.176327139
826,23.75,-28.75,03.01.96,0.478217542
827,21.25,-26.25,03.01.96,0.095022723
828,23.75,-26.25,03.01.96,0.518986762
829,21.25,-28.75,04.01.96,0.523062408
830,23.75,-28.75,04.01.96,1.293793917
831,21.25,-26.25,04.01.96,0.82980305
832,23.75,-26.25,04.01.96,1.47331512
833,21.25,-28.75,05.01.96,0.191544414
834,23.75,-28.75,05.01.96,0.297995657
835,21.25,-26.25,05.01.96,0.523923457
836,23.75,-26.25,05.01.96,1.138945103
837,21.25,-28.75,06.01.96,0.004031691
838,23.75,-28.75,06.01.96,0.000900608
839,21.25,-26.25,06.01.96,0.003099581
840,23.75,-26.25,06.01.96,0.001069217
841,21.25,-28.75,07.01.96,1.140930295
842,23.75,-28.75,07.01.96,0.718310356
843,21.25,-26.25,07.01.96,0.537165225
844,23.75,-26.25,07.01.96,0.177084178
845,21.25,-28.75,08.01.96,0.039386258
846,23.75,-28.75,08.01.96,0.144026548
847,21.25,-26.25,08.01.96,0.007383847
848,23.75,-26.25,08.01.96,0.00580287
849,21.25,-28.75,09.01.96,0.05303124
850,23.75,-28.75,09.01.96,0.103889063
851,21.25,-26.25,09.01.96,0.127961874
852,23.75,-26.25,09.01.96,0.286087781
853,21.25,-28.75,10.01.96,0.278538823
854,23.75,-28.75,10.01.96,0.199374184
855,21.25,-26.25,10.01.96,0.091582984
856,23.75,-26.25,10.01.96,0.304025412
857,21.25,-28.75,11.01.96,2.122068167
858,23.75,-28.75,11.01.96,2.879797459
859,21.25,-26.25,11.01.96,1.529124975
860,23.75,-26.25,11.01.96,3.203994274
861,21.25,-28.75,12.01.96,0.730130851
862,23.75,-28.75,12.01.96,2.727450848
863,21.25,-26.25,12.01.96,1.818370223
864,23.75,-26.25,12.01.96,3.985726357
865,21.25,-28.75,01.01.97,1.287348509
866,23.75,-28.75,01.01.97,2.396021843
867,21.25,-26.25,01.01.97,2.138621807
868,23.75,-26.25,01.01.97,3.494645834
869,21.25,-28.75,02.01.97,0.211505383
870,23.75,-28.75,02.01.97,0.961120069
871,21.25,-26.25,02.01.97,0.551653326
872,23.75,-26.25,02.01.97,1.663758039
873,21.25,-28.75,03.01.97,2.307368994
874,23.75,-28.75,03.01.97,4.051606655
875,21.25,-26.25,03.01.97,2.249958515
876,23.75,-26.25,03.01.97,4.687714577
877,21.25,-28.75,04.01.97,0.123831652
878,23.75,-28.75,04.01.97,0.689517379
879,21.25,-26.25,04.01.97,0.091394804
880,23.75,-26.25,04.01.97,1.232892513
881,21.25,-28.75,05.01.97,0.487884611
882,23.75,-28.75,05.01.97,1.264327049
883,21.25,-26.25,05.01.97,0.411915421
884,23.75,-26.25,05.01.97,1.068247557
885,21.25,-28.75,06.01.97,0.163077012
886,23.75,-28.75,06.01.97,0.242699087
887,21.25,-26.25,06.01.97,0.06404689
888,23.75,-26.25,06.01.97,0.039480601
889,21.25,-28.75,07.01.97,0.037060894
890,23.75,-28.75,07.01.97,0.217189983
891,21.25,-26.25,07.01.97,0.003911681
892,23.75,-26.25,07.01.97,0.051354129
893,21.25,-28.75,08.01.97,0.003045238
894,23.75,-28.75,08.01.97,0.03273211
895,21.25,-26.25,08.01.97,0.012604648
896,23.75,-26.25,08.01.97,0.041522402
897,21.25,-28.75,09.01.97,0.003634673
898,23.75,-28.75,09.01.97,0.086723685
899,21.25,-26.25,09.01.97,0.29832378
900,23.75,-26.25,09.01.97,0.74832499
901,21.25,-28.75,10.01.97,0.249474689
902,23.75,-28.75,10.01.97,0.869835973
903,21.25,-26.25,10.01.97,0.64087534
904,23.75,-26.25,10.01.97,1.375536084
905,21.25,-28.75,11.01.97,0.048465226
906,23.75,-28.75,11.01.97,0.11947725
907,21.25,-26.25,11.01.97,0.196151301
908,23.75,-26.25,11.01.97,0.50725615
909,21.25,-28.75,12.01.97,0.080651544
910,23.75,-28.75,12.01.97,0.989801526
911,21.25,-26.25,12.01.97,0.277793944
912,23.75,-26.25,12.01.97,1.180947542
913,21.25,-28.75,01.01.98,0.666848123
914,23.75,-28.75,01.01.98,1.915206313
915,21.25,-26.25,01.01.98,1.344864607
916,23.75,-26.25,01.01.98,2.890538454
917,21.25,-28.75,02.01.98,1.29938364
918,23.75,-28.75,02.01.98,2.042633533
919,21.25,-26.25,02.01.98,1.873116374
920,23.75,-26.25,02.01.98,2.683331251
921,21.25,-28.75,03.01.98,1.401341438
922,23.75,-28.75,03.01.98,1.952209473
923,21.25,-26.25,03.01.98,1.804016352
924,23.75,-26.25,03.01.98,2.804739714
925,21.25,-28.75,04.01.98,0.162092626
926,23.75,-28.75,04.01.98,0.534762144
927,21.25,-26.25,04.01.98,0.208068684
928,23.75,-26.25,04.01.98,0.397088349
929,21.25,-28.75,05.01.98,0.027685057
930,23.75,-28.75,05.01.98,0.035584763
931,21.25,-26.25,05.01.98,0.016850686
932,23.75,-26.25,05.01.98,0.000205063
933,21.25,-28.75,06.01.98,0.000292422
934,23.75,-28.75,06.01.98,0.001525727
935,21.25,-26.25,06.01.98,0.018469997
936,23.75,-26.25,06.01.98,0.008156777
937,21.25,-28.75,07.01.98,0.03091234
938,23.75,-28.75,07.01.98,0.132273883
939,21.25,-26.25,07.01.98,0.029257135
940,23.75,-26.25,07.01.98,0.008157803
941,21.25,-28.75,08.01.98,0.048681282
942,23.75,-28.75,08.01.98,0.099373676
943,21.25,-26.25,08.01.98,0.047946587
944,23.75,-26.25,08.01.98,0.010311139
945,21.25,-28.75,09.01.98,0.190221429
946,23.75,-28.75,09.01.98,0.194543183
947,21.25,-26.25,09.01.98,0.321874648
948,23.75,-26.25,09.01.98,0.193094268
949,21.25,-28.75,10.01.98,0.29686603
950,23.75,-28.75,10.01.98,0.948767245
951,21.25,-26.25,10.01.98,0.710980833
952,23.75,-26.25,10.01.98,1.415048122
953,21.25,-28.75,11.01.98,0.475674897
954,23.75,-28.75,11.01.98,1.62727654
955,21.25,-26.25,11.01.98,0.431105644
956,23.75,-26.25,11.01.98,2.163012028
957,21.25,-28.75,12.01.98,0.914065003
958,23.75,-28.75,12.01.98,1.003376126
959,21.25,-26.25,12.01.98,1.487264037
960,23.75,-26.25,12.01.98,2.396444321
961,21.25,-28.75,01.01.99,0.947229803
962,23.75,-28.75,01.01.99,1.938632965
963,21.25,-26.25,01.01.99,1.247634888
964,23.75,-26.25,01.01.99,2.302245617
965,21.25,-28.75,02.01.99,0.238268688
966,23.75,-28.75,02.01.99,0.510571182
967,21.25,-26.25,02.01.99,0.32663995
968,23.75,-26.25,02.01.99,1.261766315
969,21.25,-28.75,03.01.99,0.657524645
970,23.75,-28.75,03.01.99,0.629390001
971,21.25,-26.25,03.01.99,1.127271295
972,23.75,-26.25,03.01.99,0.939613819
973,21.25,-28.75,04.01.99,0.513939619
974,23.75,-28.75,04.01.99,0.810914576
975,21.25,-26.25,04.01.99,0.194732532
976,23.75,-26.25,04.01.99,0.31561932
977,21.25,-28.75,05.01.99,1.546918154
978,23.75,-28.75,05.01.99,2.127821445
979,21.25,-26.25,05.01.99,0.948433578
980,23.75,-26.25,05.01.99,1.768180609
981,21.25,-28.75,06.01.99,0.001530071
982,23.75,-28.75,06.01.99,0.01968576
983,21.25,-26.25,06.01.99,0.023385387
984,23.75,-26.25,06.01.99,0.005007718
985,21.25,-28.75,07.01.99,0.015293278
986,23.75,-28.75,07.01.99,0.034664709
987,21.25,-26.25,07.01.99,0.003230427
988,23.75,-26.25,07.01.99,0.006292679
989,21.25,-28.75,08.01.99,0.00611023
990,23.75,-28.75,08.01.99,0.008375002
991,21.25,-26.25,08.01.99,0.007260412
992,23.75,-26.25,08.01.99,2.74E-06
993,21.25,-28.75,09.01.99,0.052216571
994,23.75,-28.75,09.01.99,0.012218579
995,21.25,-26.25,09.01.99,0.001263892
996,23.75,-26.25,09.01.99,0.001525992
997,21.25,-28.75,10.01.99,1.254520416
998,23.75,-28.75,10.01.99,1.506917238
999,21.25,-26.25,10.01.99,0.71266222
1000,23.75,-26.25,10.01.99,1.221867442
1001,21.25,-28.75,11.01.99,0.353550196
1002,23.75,-28.75,11.01.99,0.271082282
1003,21.25,-26.25,11.01.99,0.861789703
1004,23.75,-26.25,11.01.99,0.965211987
1005,21.25,-28.75,12.01.99,3.593324184
1006,23.75,-28.75,12.01.99,5.807156563
1007,21.25,-26.25,12.01.99,4.326122761
1008,23.75,-26.25,12.01.99,5.917235374
1009,21.25,-28.75,01.01.00,1.601822853
1010,23.75,-28.75,01.01.00,2.665015936
1011,21.25,-26.25,01.01.00,2.733039379
1012,23.75,-26.25,01.01.00,4.056433201
1013,21.25,-28.75,02.01.00,1.995308757
1014,23.75,-28.75,02.01.00,2.763697147
1015,21.25,-26.25,02.01.00,2.584526539
1016,23.75,-26.25,02.01.00,3.653149843
1017,21.25,-28.75,03.01.00,2.618429422
1018,23.75,-28.75,03.01.00,3.771232367
1019,21.25,-26.25,03.01.00,2.319434166
1020,23.75,-26.25,03.01.00,3.174187183
1021,21.25,-28.75,04.01.00,1.225100994
1022,23.75,-28.75,04.01.00,1.948541164
1023,21.25,-26.25,04.01.00,1.464383125
1024,23.75,-26.25,04.01.00,1.258307219
1025,21.25,-28.75,05.01.00,0.011586499
1026,23.75,-28.75,05.01.00,0.048611332
1027,21.25,-26.25,05.01.00,0.075499661
1028,23.75,-26.25,05.01.00,0.479332805
1029,21.25,-28.75,06.01.00,0.02463153
1030,23.75,-28.75,06.01.00,0.036529996
1031,21.25,-26.25,06.01.00,0.01664426
1032,23.75,-26.25,06.01.00,0.021953847
1033,21.25,-28.75,07.01.00,0.024474092
1034,23.75,-28.75,07.01.00,0.018969495
1035,21.25,-26.25,07.01.00,0.006929859
1036,23.75,-26.25,07.01.00,0.0050174
1037,21.25,-28.75,08.01.00,0.060929
1038,23.75,-28.75,08.01.00,0.036587726
1039,21.25,-26.25,08.01.00,0.025188457
1040,23.75,-26.25,08.01.00,0.004056389
1041,21.25,-28.75,09.01.00,0.68490243
1042,23.75,-28.75,09.01.00,1.727268815
1043,21.25,-26.25,09.01.00,0.220471233
1044,23.75,-26.25,09.01.00,0.546264291
1045,21.25,-28.75,10.01.00,0.153782248
1046,23.75,-28.75,10.01.00,0.353349477
1047,21.25,-26.25,10.01.00,0.209964156
1048,23.75,-26.25,10.01.00,0.909573436
1049,21.25,-28.75,11.01.00,0.247449905
1050,23.75,-28.75,11.01.00,0.847659647
1051,21.25,-26.25,11.01.00,1.16679275
1052,23.75,-26.25,11.01.00,2.675833225
1053,21.25,-28.75,12.01.00,0.529610336
1054,23.75,-28.75,12.01.00,2.138948441
1055,21.25,-26.25,12.01.00,1.223937035
1056,23.75,-26.25,12.01.00,2.654453516
1057,21.25,-28.75,01.01.01,0.188304931
1058,23.75,-28.75,01.01.01,0.444481015
1059,21.25,-26.25,01.01.01,0.676221013
1060,23.75,-26.25,01.01.01,0.566720009
1061,21.25,-28.75,02.01.01,0.644235909
1062,23.75,-28.75,02.01.01,1.214035749
1063,21.25,-26.25,02.01.01,1.033493638
1064,23.75,-26.25,02.01.01,1.768658638
1065,21.25,-28.75,03.01.01,2.028554916
1066,23.75,-28.75,03.01.01,2.808722734
1067,21.25,-26.25,03.01.01,2.162558556
1068,23.75,-26.25,03.01.01,2.290049553
1069,21.25,-28.75,04.01.01,2.584681749
1070,23.75,-28.75,04.01.01,3.822068691
1071,21.25,-26.25,04.01.01,3.964221478
1072,23.75,-26.25,04.01.01,4.716001987
1073,21.25,-28.75,05.01.01,0.086391389
1074,23.75,-28.75,05.01.01,0.470200062
1075,21.25,-26.25,05.01.01,0.234588683
1076,23.75,-26.25,05.01.01,0.994975626
1077,21.25,-28.75,06.01.01,0.150300041
1078,23.75,-28.75,06.01.01,0.462863564
1079,21.25,-26.25,06.01.01,0.056054205
1080,23.75,-26.25,06.01.01,0.046868961
1081,21.25,-28.75,07.01.01,0.210993305
1082,23.75,-28.75,07.01.01,0.036506306
1083,21.25,-26.25,07.01.01,0.050954621
1084,23.75,-26.25,07.01.01,0.015223441
1085,21.25,-28.75,08.01.01,0.002349435
1086,23.75,-28.75,08.01.01,0.180104613
1087,21.25,-26.25,08.01.01,0.09887708
1088,23.75,-26.25,08.01.01,0.114790544
1089,21.25,-28.75,09.01.01,0.8215186
1090,23.75,-28.75,09.01.01,2.225384235
1091,21.25,-26.25,09.01.01,0.463728905
1092,23.75,-26.25,09.01.01,1.676125646
1093,21.25,-28.75,10.01.01,0.488197029
1094,23.75,-28.75,10.01.01,1.378193974
1095,21.25,-26.25,10.01.01,0.911068559
1096,23.75,-26.25,10.01.01,2.071949959
1097,21.25,-28.75,11.01.01,1.840312481
1098,23.75,-28.75,11.01.01,3.647897959
1099,21.25,-26.25,11.01.01,2.020652533
1100,23.75,-26.25,11.01.01,3.763702631
1101,21.25,-28.75,12.01.01,0.774973273
1102,23.75,-28.75,12.01.01,2.594424725
1103,21.25,-26.25,12.01.01,0.740272701
1104,23.75,-26.25,12.01.01,2.914839268
1105,21.25,-28.75,01.01.02,1.015027523
1106,23.75,-28.75,01.01.02,2.339404821
1107,21.25,-26.25,01.01.02,1.462346315
1108,23.75,-26.25,01.01.02,3.916585684
1109,21.25,-28.75,02.01.02,1.131093264
1110,23.75,-28.75,02.01.02,1.332302094
1111,21.25,-26.25,02.01.02,0.845954835
1112,23.75,-26.25,02.01.02,1.226288795
1113,21.25,-28.75,03.01.02,1.000343561
1114,23.75,-28.75,03.01.02,1.546910763
1115,21.25,-26.25,03.01.02,1.034567714
1116,23.75,-26.25,03.01.02,1.018445492
1117,21.25,-28.75,04.01.02,0.57434535
1118,23.75,-28.75,04.01.02,0.64814949
1119,21.25,-26.25,04.01.02,0.768989563
1120,23.75,-26.25,04.01.02,0.925110996
1121,21.25,-28.75,05.01.02,0.65407902
1122,23.75,-28.75,05.01.02,0.879724979
1123,21.25,-26.25,05.01.02,0.67247498
1124,23.75,-26.25,05.01.02,1.08015132
1125,21.25,-28.75,06.01.02,0.282542527
1126,23.75,-28.75,06.01.02,0.962982893
1127,21.25,-26.25,06.01.02,0.141538382
1128,23.75,-26.25,06.01.02,0.349047124
1129,21.25,-28.75,07.01.02,0.00553028
1130,23.75,-28.75,07.01.02,0.007981913
1131,21.25,-26.25,07.01.02,0.013368254
1132,23.75,-26.25,07.01.02,0.010024974
1133,21.25,-28.75,08.01.02,0.423514962
1134,23.75,-28.75,08.01.02,1.976024747
1135,21.25,-26.25,08.01.02,0.154552877
1136,23.75,-26.25,08.01.02,1.131429195
1137,21.25,-28.75,09.01.02,0.071308605
1138,23.75,-28.75,09.01.02,0.184482411
1139,21.25,-26.25,09.01.02,0.013609502
1140,23.75,-26.25,09.01.02,0.24291116
1141,21.25,-28.75,10.01.02,0.158581704
1142,23.75,-28.75,10.01.02,0.473224908
1143,21.25,-26.25,10.01.02,0.536530674
1144,23.75,-26.25,10.01.02,1.217016697
1145,21.25,-28.75,11.01.02,0.325255036
1146,23.75,-28.75,11.01.02,0.960293055
1147,21.25,-26.25,11.01.02,0.707607627
1148,23.75,-26.25,11.01.02,0.82068485
1149,21.25,-28.75,12.01.02,1.323565841
1150,23.75,-28.75,12.01.02,2.786570072
1151,21.25,-26.25,12.01.02,1.453162074
1152,23.75,-26.25,12.01.02,2.575366259
1153,21.25,-28.75,01.01.03,0.221853495
1154,23.75,-28.75,01.01.03,0.987618566
1155,21.25,-26.25,01.01.03,0.408748835
1156,23.75,-26.25,01.01.03,1.851980686
1157,21.25,-28.75,02.01.03,1.393652439
1158,23.75,-28.75,02.01.03,2.333488941
1159,21.25,-26.25,02.01.03,1.924531937
1160,23.75,-26.25,02.01.03,3.141573191
1161,21.25,-28.75,03.01.03,0.247253001
1162,23.75,-28.75,03.01.03,1.196617603
1163,21.25,-26.25,03.01.03,0.063822426
1164,23.75,-26.25,03.01.03,0.603847325
1165,21.25,-28.75,04.01.03,0.428344727
1166,23.75,-28.75,04.01.03,0.879563749
1167,21.25,-26.25,04.01.03,0.601165652
1168,23.75,-26.25,04.01.03,0.581692457
1169,21.25,-28.75,05.01.03,0.082965575
1170,23.75,-28.75,05.01.03,0.194256917
1171,21.25,-26.25,05.01.03,0.079712808
1172,23.75,-26.25,05.01.03,0.176912472
1173,21.25,-28.75,06.01.03,0.006437788
1174,23.75,-28.75,06.01.03,0.001184412
1175,21.25,-26.25,06.01.03,0.018978085
1176,23.75,-26.25,06.01.03,0.044064082
1177,21.25,-28.75,07.01.03,0.001562242
1178,23.75,-28.75,07.01.03,0.007332182
1179,21.25,-26.25,07.01.03,3.11E-05
1180,23.75,-26.25,07.01.03,0.006459868
1181,21.25,-28.75,08.01.03,0.104601987
1182,23.75,-28.75,08.01.03,0.0790179
1183,21.25,-26.25,08.01.03,0.022501867
1184,23.75,-26.25,08.01.03,0.008112777
1185,21.25,-28.75,09.01.03,0.462080956
1186,23.75,-28.75,09.01.03,0.483462781
1187,21.25,-26.25,09.01.03,0.326561451
1188,23.75,-26.25,09.01.03,0.255718172
1189,21.25,-28.75,10.01.03,0.714220107
1190,23.75,-28.75,10.01.03,0.617328644
1191,21.25,-26.25,10.01.03,0.466395825
1192,23.75,-26.25,10.01.03,0.578938782
1193,21.25,-28.75,11.01.03,0.575082898
1194,23.75,-28.75,11.01.03,1.661854506
1195,21.25,-26.25,11.01.03,0.513204396
1196,23.75,-26.25,11.01.03,1.633730769
1197,21.25,-28.75,12.01.03,0.041146342
1198,23.75,-28.75,12.01.03,0.401567787
1199,21.25,-26.25,12.01.03,0.052163675
1200,23.75,-26.25,12.01.03,0.550703049
1201,21.25,-28.75,01.01.04,1.849367142
1202,23.75,-28.75,01.01.04,2.437622309
1203,21.25,-26.25,01.01.04,2.140607834
1204,23.75,-26.25,01.01.04,2.653164625
1205,21.25,-28.75,02.01.04,1.189240456
1206,23.75,-28.75,02.01.04,1.557652116
1207,21.25,-26.25,02.01.04,1.160988688
1208,23.75,-26.25,02.01.04,2.301394224
1209,21.25,-28.75,03.01.04,0.968927562
1210,23.75,-28.75,03.01.04,1.806409836
1211,21.25,-26.25,03.01.04,1.301341772
1212,23.75,-26.25,03.01.04,1.640449047
1213,21.25,-28.75,04.01.04,0.959835768
1214,23.75,-28.75,04.01.04,1.023741245
1215,21.25,-26.25,04.01.04,1.881218672
1216,23.75,-26.25,04.01.04,1.337058067
1217,21.25,-28.75,05.01.04,0.006868432
1218,23.75,-28.75,05.01.04,0.015048644
1219,21.25,-26.25,05.01.04,0.015721895
1220,23.75,-26.25,05.01.04,0.000122329
1221,21.25,-28.75,06.01.04,0.015081717
1222,23.75,-28.75,06.01.04,0.012256916
1223,21.25,-26.25,06.01.04,0.018381977
1224,23.75,-26.25,06.01.04,0.008455671
1225,21.25,-28.75,07.01.04,0.015264203
1226,23.75,-28.75,07.01.04,0.027006987
1227,21.25,-26.25,07.01.04,0.01056728
1228,23.75,-26.25,07.01.04,0.042800095
1229,21.25,-28.75,08.01.04,0.003558297
1230,23.75,-28.75,08.01.04,0.022558559
1231,21.25,-26.25,08.01.04,0.006114975
1232,23.75,-26.25,08.01.04,0.00337105
1233,21.25,-28.75,09.01.04,0.371136159
1234,23.75,-28.75,09.01.04,1.218070149
1235,21.25,-26.25,09.01.04,0.219254553
1236,23.75,-26.25,09.01.04,0.296361208
1237,21.25,-28.75,10.01.04,0.594743609
1238,23.75,-28.75,10.01.04,0.924381793
1239,21.25,-26.25,10.01.04,0.927800536
1240,23.75,-26.25,10.01.04,1.084696531
1241,21.25,-28.75,11.01.04,0.097974703
1242,23.75,-28.75,11.01.04,0.282438457
1243,21.25,-26.25,11.01.04,0.263820648
1244,23.75,-26.25,11.01.04,0.677802086
1245,21.25,-28.75,12.01.04,0.396052778
1246,23.75,-28.75,12.01.04,1.327055216
1247,21.25,-26.25,12.01.04,1.034731507
1248,23.75,-26.25,12.01.04,2.495338678
1249,21.25,-28.75,01.01.05,1.160397649
1250,23.75,-28.75,01.01.05,2.022553444
1251,21.25,-26.25,01.01.05,1.358276367
1252,23.75,-26.25,01.01.05,2.780320883
1253,21.25,-28.75,02.01.05,1.48103106
1254,23.75,-28.75,02.01.05,2.061259508
1255,21.25,-26.25,02.01.05,0.909852505
1256,23.75,-26.25,02.01.05,1.329943776
1257,21.25,-28.75,03.01.05,1.119612217
1258,23.75,-28.75,03.01.05,1.656880856
1259,21.25,-26.25,03.01.05,1.885739803
1260,23.75,-26.25,03.01.05,1.77804172
1261,21.25,-28.75,04.01.05,1.248602033
1262,23.75,-28.75,04.01.05,1.424837589
1263,21.25,-26.25,04.01.05,2.742263079
1264,23.75,-26.25,04.01.05,2.062088728
1265,21.25,-28.75,05.01.05,1.133254528
1266,23.75,-28.75,05.01.05,0.377949476
1267,21.25,-26.25,05.01.05,0.314350307
1268,23.75,-26.25,05.01.05,0.100487396
1269,21.25,-28.75,06.01.05,0.160198539
1270,23.75,-28.75,06.01.05,0.21703957
1271,21.25,-26.25,06.01.05,0.017279238
1272,23.75,-26.25,06.01.05,0.008479819
1273,21.25,-28.75,07.01.05,0.000158062
1274,23.75,-28.75,07.01.05,0.005715247
1275,21.25,-26.25,07.01.05,0.000262549
1276,23.75,-26.25,07.01.05,0.011241993
1277,21.25,-28.75,08.01.05,0.003925797
1278,23.75,-28.75,08.01.05,0.028589642
1279,21.25,-26.25,08.01.05,0.013608861
1280,23.75,-26.25,08.01.05,0.002439673
1281,21.25,-28.75,09.01.05,0.000648496
1282,23.75,-28.75,09.01.05,0.012397056
1283,21.25,-26.25,09.01.05,0.000235683
1284,23.75,-26.25,09.01.05,0.073757291
1285,21.25,-28.75,10.01.05,0.656838953
1286,23.75,-28.75,10.01.05,0.650390089
1287,21.25,-26.25,10.01.05,0.597052455
1288,23.75,-26.25,10.01.05,0.663317442
1289,21.25,-28.75,11.01.05,0.526696563
1290,23.75,-28.75,11.01.05,1.261208415
1291,21.25,-26.25,11.01.05,0.686192632
1292,23.75,-26.25,11.01.05,1.563616514
1293,21.25,-28.75,12.01.05,0.816563547
1294,23.75,-28.75,12.01.05,0.654939771
1295,21.25,-26.25,12.01.05,0.625143468
1296,23.75,-26.25,12.01.05,1.306034327
1297,21.25,-28.75,01.01.06,2.767741919
1298,23.75,-28.75,01.01.06,4.026731968
1299,21.25,-26.25,01.01.06,3.082269669
1300,23.75,-26.25,01.01.06,4.101448059
1301,21.25,-28.75,02.01.06,3.416846514
1302,23.75,-28.75,02.01.06,5.593294621
1303,21.25,-26.25,02.01.06,4.743220806
1304,23.75,-26.25,02.01.06,8.657427788
1305,21.25,-28.75,03.01.06,1.180394411
1306,23.75,-28.75,03.01.06,2.123638868
1307,21.25,-26.25,03.01.06,1.715982437
1308,23.75,-26.25,03.01.06,3.535409927
1309,21.25,-28.75,04.01.06,2.081590414
1310,23.75,-28.75,04.01.06,2.036151409
1311,21.25,-26.25,04.01.06,2.013090134
1312,23.75,-26.25,04.01.06,2.438812971
1313,21.25,-28.75,05.01.06,0.838903844
1314,23.75,-28.75,05.01.06,0.926645219
1315,21.25,-26.25,05.01.06,0.54107511
1316,23.75,-26.25,05.01.06,0.558578312
1317,21.25,-28.75,06.01.06,0.040447284
1318,23.75,-28.75,06.01.06,0.582044661
1319,21.25,-26.25,06.01.06,0.094435379
1320,23.75,-26.25,06.01.06,0.109121285
1321,21.25,-28.75,07.01.06,0.024380147
1322,23.75,-28.75,07.01.06,0.169813067
1323,21.25,-26.25,07.01.06,0.01618289
1324,23.75,-26.25,07.01.06,0.073349454
1325,21.25,-28.75,08.01.06,0.195590317
1326,23.75,-28.75,08.01.06,1.00203836
1327,21.25,-26.25,08.01.06,0.054000832
1328,23.75,-26.25,08.01.06,0.253725052
1329,21.25,-28.75,09.01.06,0.003242949
1330,23.75,-28.75,09.01.06,0.063657179
1331,21.25,-26.25,09.01.06,0.000912003
1332,23.75,-26.25,09.01.06,0.006632415
1333,21.25,-28.75,10.01.06,0.360552549
1334,23.75,-28.75,10.01.06,0.959643781
1335,21.25,-26.25,10.01.06,0.932432652
1336,23.75,-26.25,10.01.06,1.474145651
1337,21.25,-28.75,11.01.06,0.300304443
1338,23.75,-28.75,11.01.06,0.84961921
1339,21.25,-26.25,11.01.06,0.6816746
1340,23.75,-26.25,11.01.06,1.280977845
1341,21.25,-28.75,12.01.06,0.340798914
1342,23.75,-28.75,12.01.06,1.074235559
1343,21.25,-26.25,12.01.06,1.255594373
1344,23.75,-26.25,12.01.06,1.731092334
1345,21.25,-28.75,01.01.07,0.73568362
1346,23.75,-28.75,01.01.07,1.189043641
1347,21.25,-26.25,01.01.07,0.828410208
1348,23.75,-26.25,01.01.07,1.481481194
1349,21.25,-28.75,02.01.07,0.181830347
1350,23.75,-28.75,02.01.07,0.250096917
1351,21.25,-26.25,02.01.07,0.342312545
1352,23.75,-26.25,02.01.07,0.324585974
1353,21.25,-28.75,03.01.07,0.573315024
1354,23.75,-28.75,03.01.07,1.434951067
1355,21.25,-26.25,03.01.07,0.586395979
1356,23.75,-26.25,03.01.07,1.321920276
1357,21.25,-28.75,04.01.07,0.532329619
1358,23.75,-28.75,04.01.07,2.109503508
1359,21.25,-26.25,04.01.07,0.775368631
1360,23.75,-26.25,04.01.07,0.698053718
1361,21.25,-28.75,05.01.07,0.027373495
1362,23.75,-28.75,05.01.07,0.017638844
1363,21.25,-26.25,05.01.07,0.028879847
1364,23.75,-26.25,05.01.07,0.004799024
1365,21.25,-28.75,06.01.07,0.100961514
1366,23.75,-28.75,06.01.07,0.265114784
1367,21.25,-26.25,06.01.07,0.054365899
1368,23.75,-26.25,06.01.07,0.38227731
1369,21.25,-28.75,07.01.07,0.042848401
1370,23.75,-28.75,07.01.07,0.025136117
1371,21.25,-26.25,07.01.07,0.011540001
1372,23.75,-26.25,07.01.07,0.011519293
1373,21.25,-28.75,08.01.07,0.017956302
1374,23.75,-28.75,08.01.07,0.014795135
1375,21.25,-26.25,08.01.07,0.017744843
1376,23.75,-26.25,08.01.07,0.000532917
1377,21.25,-28.75,09.01.07,0.009749227
1378,23.75,-28.75,09.01.07,1.005268574
1379,21.25,-26.25,09.01.07,0.114938833
1380,23.75,-26.25,09.01.07,1.384507656
1381,21.25,-28.75,10.01.07,1.959492803
1382,23.75,-28.75,10.01.07,2.263218164
1383,21.25,-26.25,10.01.07,1.52943635
1384,23.75,-26.25,10.01.07,2.087302446
1385,21.25,-28.75,11.01.07,0.598337948
1386,23.75,-28.75,11.01.07,1.60863781
1387,21.25,-26.25,11.01.07,0.658990145
1388,23.75,-26.25,11.01.07,1.441120982
1389,21.25,-28.75,12.01.07,1.299165487
1390,23.75,-28.75,12.01.07,2.752193451
1391,21.25,-26.25,12.01.07,1.804940224
1392,23.75,-26.25,12.01.07,2.868732929
1393,21.25,-28.75,01.01.08,1.919317007
1394,23.75,-28.75,01.01.08,2.317372084
1395,21.25,-26.25,01.01.08,2.149271011
1396,23.75,-26.25,01.01.08,4.461112022
1397,21.25,-28.75,02.01.08,1.244589925
1398,23.75,-28.75,02.01.08,1.72390151
1399,21.25,-26.25,02.01.08,1.924864531
1400,23.75,-26.25,02.01.08,1.876089096
1401,21.25,-28.75,03.01.08,1.332542062
1402,23.75,-28.75,03.01.08,1.992625356
1403,21.25,-26.25,03.01.08,1.404760003
1404,23.75,-26.25,03.01.08,2.409282207
1405,21.25,-28.75,04.01.08,0.477817476
1406,23.75,-28.75,04.01.08,0.644854486
1407,21.25,-26.25,04.01.08,0.860308051
1408,23.75,-26.25,04.01.08,0.556932926
1409,21.25,-28.75,05.01.08,1.287023306
1410,23.75,-28.75,05.01.08,2.768936634
1411,21.25,-26.25,05.01.08,1.141903758
1412,23.75,-26.25,05.01.08,1.533437371
1413,21.25,-28.75,06.01.08,1.241489649
1414,23.75,-28.75,06.01.08,1.113690376
1415,21.25,-26.25,06.01.08,0.307017446
1416,23.75,-26.25,06.01.08,0.243421882
1417,21.25,-28.75,07.01.08,0.034428768
1418,23.75,-28.75,07.01.08,0.00371735
1419,21.25,-26.25,07.01.08,0.006151298
1420,23.75,-26.25,07.01.08,0.014363785
1421,21.25,-28.75,08.01.08,0.011964737
1422,23.75,-28.75,08.01.08,0.013508796
1423,21.25,-26.25,08.01.08,0.011876453
1424,23.75,-26.25,08.01.08,0.013622148
1425,21.25,-28.75,09.01.08,0.005317638
1426,23.75,-28.75,09.01.08,0.003892542
1427,21.25,-26.25,09.01.08,0.005718946
1428,23.75,-26.25,09.01.08,0.012299798
1429,21.25,-28.75,10.01.08,0.153250247
1430,23.75,-28.75,10.01.08,0.268507838
1431,21.25,-26.25,10.01.08,0.334888607
1432,23.75,-26.25,10.01.08,0.350278199
1433,21.25,-28.75,11.01.08,0.424482465
1434,23.75,-28.75,11.01.08,1.761347294
1435,21.25,-26.25,11.01.08,1.030275464
1436,23.75,-26.25,11.01.08,1.910946608
1437,21.25,-28.75,12.01.08,0.36141786
1438,23.75,-28.75,12.01.08,0.637683272
1439,21.25,-26.25,12.01.08,0.546731472
1440,23.75,-26.25,12.01.08,0.944524884
1441,21.25,-28.75,01.01.09,0.686201215
1442,23.75,-28.75,01.01.09,2.203990936
1443,21.25,-26.25,01.01.09,2.174097061
1444,23.75,-26.25,01.01.09,3.752976179
1445,21.25,-28.75,02.01.09,2.663234711
1446,23.75,-28.75,02.01.09,3.563111305
1447,21.25,-26.25,02.01.09,4.008110523
1448,23.75,-26.25,02.01.09,3.025336266
1449,21.25,-28.75,03.01.09,1.205630302
1450,23.75,-28.75,03.01.09,1.176898718
1451,21.25,-26.25,03.01.09,1.015063643
1452,23.75,-26.25,03.01.09,1.187242866
1453,21.25,-28.75,04.01.09,0.801834822
1454,23.75,-28.75,04.01.09,0.610142112
1455,21.25,-26.25,04.01.09,0.383892655
1456,23.75,-26.25,04.01.09,0.171208888
1457,21.25,-28.75,05.01.09,0.133259356
1458,23.75,-28.75,05.01.09,0.285278916
1459,21.25,-26.25,05.01.09,0.130913436
1460,23.75,-26.25,05.01.09,0.329448223
1461,21.25,-28.75,06.01.09,0.423298359
1462,23.75,-28.75,06.01.09,0.623767018
1463,21.25,-26.25,06.01.09,0.924804389
1464,23.75,-26.25,06.01.09,2.084390163
1465,21.25,-28.75,07.01.09,0.072516367
1466,23.75,-28.75,07.01.09,0.279619634
1467,21.25,-26.25,07.01.09,0.050296716
1468,23.75,-26.25,07.01.09,0.188335538
1469,21.25,-28.75,08.01.09,0.031346392
1470,23.75,-28.75,08.01.09,0.106631793
1471,21.25,-26.25,08.01.09,0.021729086
1472,23.75,-26.25,08.01.09,0.051932737
1473,21.25,-28.75,09.01.09,0.00618863
1474,23.75,-28.75,09.01.09,0.015871806
1475,21.25,-26.25,09.01.09,0.10323073
1476,23.75,-26.25,09.01.09,0.206506014
1477,21.25,-28.75,10.01.09,0.848255694
1478,23.75,-28.75,10.01.09,1.839343905
1479,21.25,-26.25,10.01.09,1.903876066
1480,23.75,-26.25,10.01.09,2.582533836
1481,21.25,-28.75,11.01.09,0.289131165
1482,23.75,-28.75,11.01.09,1.631490469
1483,21.25,-26.25,11.01.09,0.449379802
1484,23.75,-26.25,11.01.09,1.914105177
1485,21.25,-28.75,12.01.09,0.411032945
1486,23.75,-28.75,12.01.09,1.149798393
1487,21.25,-26.25,12.01.09,1.080963612
1488,23.75,-26.25,12.01.09,1.002555132
1489,21.25,-28.75,01.01.10,2.427696705
1490,23.75,-28.75,01.01.10,5.064294815
1491,21.25,-26.25,01.01.10,4.207751274
1492,23.75,-26.25,01.01.10,5.244771004
1493,21.25,-28.75,02.01.10,1.680272579
1494,23.75,-28.75,02.01.10,2.970560789
1495,21.25,-26.25,02.01.10,1.694226384
1496,23.75,-26.25,02.01.10,2.518726826
1497,21.25,-28.75,03.01.10,1.108273029
1498,23.75,-28.75,03.01.10,2.105300903
1499,21.25,-26.25,03.01.10,1.183383465
1500,23.75,-26.25,03.01.10,2.173821211
1501,21.25,-28.75,04.01.10,0.825200737
1502,23.75,-28.75,04.01.10,1.192516565
1503,21.25,-26.25,04.01.10,0.850809455
1504,23.75,-26.25,04.01.10,2.278259754
1505,21.25,-28.75,05.01.10,0.095869131
1506,23.75,-28.75,05.01.10,0.178642705
1507,21.25,-26.25,05.01.10,0.26788941
1508,23.75,-26.25,05.01.10,0.474011898
1509,21.25,-28.75,06.01.10,0.034880925
1510,23.75,-28.75,06.01.10,0.018914949
1511,21.25,-26.25,06.01.10,0.036939222
1512,23.75,-26.25,06.01.10,0.009976006
1513,21.25,-28.75,07.01.10,0.044872265
1514,23.75,-28.75,07.01.10,0.025375806
1515,21.25,-26.25,07.01.10,0.018174356
1516,23.75,-26.25,07.01.10,0.009040049
1517,21.25,-28.75,08.01.10,0.018461771
1518,23.75,-28.75,08.01.10,0.002668659
1519,21.25,-26.25,08.01.10,0.013295693
1520,23.75,-26.25,08.01.10,0.001421693
1521,21.25,-28.75,09.01.10,0.045682736
1522,23.75,-28.75,09.01.10,0.074321419
1523,21.25,-26.25,09.01.10,0.011629337
1524,23.75,-26.25,09.01.10,0.007528717
1525,21.25,-28.75,10.01.10,0.061027106
1526,23.75,-28.75,10.01.10,0.237877309
1527,21.25,-26.25,10.01.10,0.060469903
1528,23.75,-26.25,10.01.10,0.172974691
1529,21.25,-28.75,11.01.10,0.680521905
1530,23.75,-28.75,11.01.10,1.094999552
1531,21.25,-26.25,11.01.10,1.236951828
1532,23.75,-26.25,11.01.10,2.101900339
1533,21.25,-28.75,12.01.10,1.320166469
1534,23.75,-28.75,12.01.10,2.25070405
1535,21.25,-26.25,12.01.10,1.361677289
1536,23.75,-26.25,12.01.10,2.41026783
1537,21.25,-28.75,01.01.11,1.763663292
1538,23.75,-28.75,01.01.11,4.532912254
1539,21.25,-26.25,01.01.11,3.726389408
1540,23.75,-26.25,01.01.11,5.715736866
1541,21.25,-28.75,02.01.11,2.924718857
1542,23.75,-28.75,02.01.11,3.903868675
1543,21.25,-26.25,02.01.11,3.527617931
1544,23.75,-26.25,02.01.11,2.74561882
1545,21.25,-28.75,03.01.11,1.914680243
1546,23.75,-28.75,03.01.11,2.422084808
1547,21.25,-26.25,03.01.11,1.672421455
1548,23.75,-26.25,03.01.11,1.881645679
1549,21.25,-28.75,04.01.11,0.916196108
1550,23.75,-28.75,04.01.11,2.018314838
1551,21.25,-26.25,04.01.11,2.722918034
1552,23.75,-26.25,04.01.11,4.247801781
1553,21.25,-28.75,05.01.11,1.089257479
1554,23.75,-28.75,05.01.11,1.276457548
1555,21.25,-26.25,05.01.11,0.580894589
1556,23.75,-26.25,05.01.11,0.483355939
1557,21.25,-28.75,06.01.11,0.461474061
1558,23.75,-28.75,06.01.11,1.134483099
1559,21.25,-26.25,06.01.11,0.382160693
1560,23.75,-26.25,06.01.11,0.720373631
1561,21.25,-28.75,07.01.11,0.058417536
1562,23.75,-28.75,07.01.11,0.061330639
1563,21.25,-26.25,07.01.11,0.005854344
1564,23.75,-26.25,07.01.11,0.011872994
1565,21.25,-28.75,08.01.11,0.065511718
1566,23.75,-28.75,08.01.11,0.046420842
1567,21.25,-26.25,08.01.11,0.038587026
1568,23.75,-26.25,08.01.11,0.004386257
1569,21.25,-28.75,09.01.11,0.011736842
1570,23.75,-28.75,09.01.11,0.02372659
1571,21.25,-26.25,09.01.11,0.059501328
1572,23.75,-26.25,09.01.11,0.021744275
1573,21.25,-28.75,10.01.11,0.003779339
1574,23.75,-28.75,10.01.11,0.106106453
1575,21.25,-26.25,10.01.11,0.01806269
1576,23.75,-26.25,10.01.11,0.104443699
1577,21.25,-28.75,11.01.11,0.380711198
1578,23.75,-28.75,11.01.11,0.882065415
1579,21.25,-26.25,11.01.11,0.312640727
1580,23.75,-26.25,11.01.11,0.732185304
1581,21.25,-28.75,12.01.11,0.98624444
1582,23.75,-28.75,12.01.11,1.519177198
1583,21.25,-26.25,12.01.11,1.718701124
1584,23.75,-26.25,12.01.11,2.714596033
1585,21.25,-28.75,01.01.12,0.736429989
1586,23.75,-28.75,01.01.12,1.078411698
1587,21.25,-26.25,01.01.12,1.231391788
1588,23.75,-26.25,01.01.12,1.066067219
1589,21.25,-28.75,02.01.12,2.00404501
1590,23.75,-28.75,02.01.12,2.267796516
1591,21.25,-26.25,02.01.12,3.470932007
1592,23.75,-26.25,02.01.12,3.013186455
1593,21.25,-28.75,03.01.12,0.680762768
1594,23.75,-28.75,03.01.12,1.329434276
1595,21.25,-26.25,03.01.12,1.632109642
1596,23.75,-26.25,03.01.12,1.681091785
1597,21.25,-28.75,04.01.12,1.142090678
1598,23.75,-28.75,04.01.12,0.891343594
1599,21.25,-26.25,04.01.12,0.670780301
1600,23.75,-26.25,04.01.12,0.199334681
1601,21.25,-28.75,05.01.12,0.01688597
1602,23.75,-28.75,05.01.12,0.009062183
1603,21.25,-26.25,05.01.12,0.011236522
1604,23.75,-26.25,05.01.12,0.001357171
1605,21.25,-28.75,06.01.12,0.429492772
1606,23.75,-28.75,06.01.12,0.654253066
1607,21.25,-26.25,06.01.12,0.568223417
1608,23.75,-26.25,06.01.12,0.345179677
1609,21.25,-28.75,07.01.12,0.191344917
1610,23.75,-28.75,07.01.12,0.153778955
1611,21.25,-26.25,07.01.12,0.040446162
1612,23.75,-26.25,07.01.12,0.027569121
1613,21.25,-28.75,08.01.12,0.100404777
1614,23.75,-28.75,08.01.12,0.03746799
1615,21.25,-26.25,08.01.12,0.02825146
1616,23.75,-26.25,08.01.12,0.005328263
1617,21.25,-28.75,09.01.12,0.053004995
1618,23.75,-28.75,09.01.12,0.125322148
1619,21.25,-26.25,09.01.12,0.050800797
1620,23.75,-26.25,09.01.12,0.215794295
1621,21.25,-28.75,10.01.12,0.33440429
1622,23.75,-28.75,10.01.12,0.898267865
1623,21.25,-26.25,10.01.12,0.264934421
1624,23.75,-26.25,10.01.12,0.657612264
1625,21.25,-28.75,11.01.12,0.405509144
1626,23.75,-28.75,11.01.12,0.59168756
1627,21.25,-26.25,11.01.12,0.532704592
1628,23.75,-26.25,11.01.12,0.76661396
1629,21.25,-28.75,12.01.12,2.122240305
1630,23.75,-28.75,12.01.12,3.033529997
1631,21.25,-26.25,12.01.12,2.065386295
1632,23.75,-26.25,12.01.12,3.494122982
1633,21.25,-28.75,01.01.13,0.603310406
1634,23.75,-28.75,01.01.13,1.37573266
1635,21.25,-26.25,01.01.13,0.812979639
1636,23.75,-26.25,01.01.13,1.525735617
1637,21.25,-28.75,02.01.13,0.225587681
1638,23.75,-28.75,02.01.13,1.169768929
1639,21.25,-26.25,02.01.13,0.663836598
1640,23.75,-26.25,02.01.13,1.588494778
1641,21.25,-28.75,03.01.13,2.101438999
1642,23.75,-28.75,03.01.13,2.243565321
1643,21.25,-26.25,03.01.13,2.864827394
1644,23.75,-26.25,03.01.13,2.048537254
1645,21.25,-28.75,04.01.13,0.082379058
1646,23.75,-28.75,04.01.13,0.295547545
1647,21.25,-26.25,04.01.13,0.130777195
1648,23.75,-26.25,04.01.13,0.653358638
1649,21.25,-28.75,05.01.13,0.025363294
1650,23.75,-28.75,05.01.13,0.019659048
1651,21.25,-26.25,05.01.13,0.01777965
1652,23.75,-26.25,05.01.13,0.005989331
1653,21.25,-28.75,06.01.13,0.029139947
1654,23.75,-28.75,06.01.13,0.000207459
1655,21.25,-26.25,06.01.13,0.03159982
1656,23.75,-26.25,06.01.13,0.001510613
1657,21.25,-28.75,07.01.13,0.293276548
1658,23.75,-28.75,07.01.13,0.218684763
1659,21.25,-26.25,07.01.13,0.062396556
1660,23.75,-26.25,07.01.13,0.07982076
1661,21.25,-28.75,08.01.13,0.033262059
1662,23.75,-28.75,08.01.13,0.004726927
1663,21.25,-26.25,08.01.13,0.033507537
1664,23.75,-26.25,08.01.13,0.001860402
1665,21.25,-28.75,09.01.13,0.06311021
1666,23.75,-28.75,09.01.13,0.029997487
1667,21.25,-26.25,09.01.13,0.091866113
1668,23.75,-26.25,09.01.13,0.013447374
1669,21.25,-28.75,10.01.13,0.186249703
1670,23.75,-28.75,10.01.13,0.412239373
1671,21.25,-26.25,10.01.13,0.053755201
1672,23.75,-26.25,10.01.13,0.312600374
1673,21.25,-28.75,11.01.13,0.158172637
1674,23.75,-28.75,11.01.13,0.598849177
1675,21.25,-26.25,11.01.13,0.392201781
1676,23.75,-26.25,11.01.13,0.720418155
1677,21.25,-28.75,12.01.13,1.921586394
1678,23.75,-28.75,12.01.13,2.697425842
1679,21.25,-26.25,12.01.13,2.373222828
1680,23.75,-26.25,12.01.13,2.862735271
1681,21.25,-28.75,01.01.14,0.508274555
1682,23.75,-28.75,01.01.14,1.20514226
1683,21.25,-26.25,01.01.14,1.081548929
1684,23.75,-26.25,01.01.14,2.324525833
1685,21.25,-28.75,02.01.14,2.29069376
1686,23.75,-28.75,02.01.14,2.660975218
1687,21.25,-26.25,02.01.14,2.961471081
1688,23.75,-26.25,02.01.14,4.045610905
1689,21.25,-28.75,03.01.14,1.461834669
1690,23.75,-28.75,03.01.14,1.63886714
1691,21.25,-26.25,03.01.14,2.35618639
1692,23.75,-26.25,03.01.14,2.338519096
1693,21.25,-28.75,04.01.14,0.74647963
1694,23.75,-28.75,04.01.14,0.529131353
1695,21.25,-26.25,04.01.14,0.349778384
1696,23.75,-26.25,04.01.14,0.258979321
1697,21.25,-28.75,05.01.14,0.604024589
1698,23.75,-28.75,05.01.14,0.816321313
1699,21.25,-26.25,05.01.14,0.429469585
1700,23.75,-26.25,05.01.14,0.366639674
1701,21.25,-28.75,06.01.14,0.034623001
1702,23.75,-28.75,06.01.14,0.000297222
1703,21.25,-26.25,06.01.14,0.038603678
1704,23.75,-26.25,06.01.14,0.014284362
1705,21.25,-28.75,07.01.14,0.016815227
1706,23.75,-28.75,07.01.14,0.020159336
1707,21.25,-26.25,07.01.14,0.040447906
1708,23.75,-26.25,07.01.14,0.014374434
1709,21.25,-28.75,08.01.14,0.308277369
1710,23.75,-28.75,08.01.14,0.51105994
1711,21.25,-26.25,08.01.14,0.072020702
1712,23.75,-26.25,08.01.14,0.265228808
1713,21.25,-28.75,09.01.14,0.240273222
1714,23.75,-28.75,09.01.14,0.162898585
1715,21.25,-26.25,09.01.14,0.107182905
1716,23.75,-26.25,09.01.14,0.031500984
1717,21.25,-28.75,10.01.14,0.257279545
1718,23.75,-28.75,10.01.14,0.296759367
1719,21.25,-26.25,10.01.14,0.217861384
1720,23.75,-26.25,10.01.14,0.088046484
1721,21.25,-28.75,11.01.14,1.246275306
1722,23.75,-28.75,11.01.14,2.329901934
1723,21.25,-26.25,11.01.14,0.95006299
1724,23.75,-26.25,11.01.14,2.037668705
1725,21.25,-28.75,12.01.14,0.215487748
1726,23.75,-28.75,12.01.14,1.228170633
1727,21.25,-26.25,12.01.14,0.671856284
1728,23.75,-26.25,12.01.14,1.927709103
1729,21.25,-28.75,01.01.15,0.670396149
1730,23.75,-28.75,01.01.15,0.655462682
1731,21.25,-26.25,01.01.15,0.75247097
1732,23.75,-26.25,01.01.15,0.572654843
1733,21.25,-28.75,02.01.15,0.192364842
1734,23.75,-28.75,02.01.15,1.338487029
1735,21.25,-26.25,02.01.15,0.59774828
1736,23.75,-26.25,02.01.15,0.655769229
1737,21.25,-28.75,03.01.15,1.827383757
1738,23.75,-28.75,03.01.15,1.774917364
1739,21.25,-26.25,03.01.15,2.214199066
1740,23.75,-26.25,03.01.15,1.740011454
1741,21.25,-28.75,04.01.15,0.519947648
1742,23.75,-28.75,04.01.15,0.503264725
1743,21.25,-26.25,04.01.15,0.802776456
1744,23.75,-26.25,04.01.15,0.609031558
1745,21.25,-28.75,05.01.15,0.021648072
1746,23.75,-28.75,05.01.15,0.004895515
1747,21.25,-26.25,05.01.15,0.003805758
1748,23.75,-26.25,05.01.15,0.0011486
1749,21.25,-28.75,06.01.15,0.566238642
1750,23.75,-28.75,06.01.15,0.582256377
1751,21.25,-26.25,06.01.15,0.181159556
1752,23.75,-26.25,06.01.15,0.2772668
1753,21.25,-28.75,07.01.15,0.105284244
1754,23.75,-28.75,07.01.15,0.367698908
1755,21.25,-26.25,07.01.15,0.098559223
1756,23.75,-26.25,07.01.15,0.122188687
1757,21.25,-28.75,08.01.15,0.224916756
1758,23.75,-28.75,08.01.15,0.09770757
1759,21.25,-26.25,08.01.15,0.02779516
1760,23.75,-26.25,08.01.15,0.00753481
1761,21.25,-28.75,09.01.15,0.376962453
1762,23.75,-28.75,09.01.15,0.369170517
1763,21.25,-26.25,09.01.15,0.149317086
1764,23.75,-26.25,09.01.15,0.686299324
1765,21.25,-28.75,10.01.15,0.161858022
1766,23.75,-28.75,10.01.15,0.3214522
1767,21.25,-26.25,10.01.15,0.068094082
1768,23.75,-26.25,10.01.15,0.204805911
1769,21.25,-28.75,11.01.15,0.049654841
1770,23.75,-28.75,11.01.15,0.163522765
1771,21.25,-26.25,11.01.15,0.105039865
1772,23.75,-26.25,11.01.15,0.546141088
1773,21.25,-28.75,12.01.15,0.075651594
1774,23.75,-28.75,12.01.15,0.176074058
1775,21.25,-26.25,12.01.15,0.101313047
1776,23.75,-26.25,12.01.15,0.154689908
1777,21.25,-28.75,01.01.16,2.317546844
1778,23.75,-28.75,01.01.16,2.44191432
1779,21.25,-26.25,01.01.16,2.480186701
1780,23.75,-26.25,01.01.16,1.978831768
1781,21.25,-28.75,02.01.16,0.674896479
1782,23.75,-28.75,02.01.16,0.970405579
1783,21.25,-26.25,02.01.16,1.093263865
1784,23.75,-26.25,02.01.16,0.743808746
1785,21.25,-28.75,03.01.16,0.709572017
1786,23.75,-28.75,03.01.16,1.147998929
1787,21.25,-26.25,03.01.16,1.204369783
1788,23.75,-26.25,03.01.16,1.419761062
1789,21.25,-28.75,04.01.16,0.735523701
1790,23.75,-28.75,04.01.16,1.526448965
1791,21.25,-26.25,04.01.16,1.592249393
1792,23.75,-26.25,04.01.16,1.671154261
1793,21.25,-28.75,05.01.16,0.958024859
1794,23.75,-28.75,05.01.16,1.255359411
1795,21.25,-26.25,05.01.16,0.706916273
1796,23.75,-26.25,05.01.16,0.661795795
1797,21.25,-28.75,06.01.16,0.007901423
1798,23.75,-28.75,06.01.16,0.08293651
1799,21.25,-26.25,06.01.16,0.021318929
1800,23.75,-26.25,06.01.16,0.109918118
1801,21.25,-28.75,07.01.16,0.124528274
1802,23.75,-28.75,07.01.16,0.175523743
1803,21.25,-26.25,07.01.16,0.088402614
1804,23.75,-26.25,07.01.16,0.13213551
1805,21.25,-28.75,08.01.16,0.068512954
1806,23.75,-28.75,08.01.16,0.091698073
1807,21.25,-26.25,08.01.16,0.020897163
1808,23.75,-26.25,08.01.16,0.004532117
1809,21.25,-28.75,09.01.16,0.208167091
1810,23.75,-28.75,09.01.16,0.156511843
1811,21.25,-26.25,09.01.16,0.042992592
1812,23.75,-26.25,09.01.16,0.092399254
1813,21.25,-28.75,10.01.16,0.12907958
1814,23.75,-28.75,10.01.16,0.466999233
1815,21.25,-26.25,10.01.16,0.191133007
1816,23.75,-26.25,10.01.16,0.673713386
1817,21.25,-28.75,11.01.16,0.143058032
1818,23.75,-28.75,11.01.16,0.606124878
1819,21.25,-26.25,11.01.16,0.477222085
1820,23.75,-26.25,11.01.16,1.857129693
1821,21.25,-28.75,12.01.16,0.248609141
1822,23.75,-28.75,12.01.16,1.11674428
1823,21.25,-26.25,12.01.16,1.109679937
1824,23.75,-26.25,12.01.16,1.591762781
1825,21.25,-28.75,01.01.17,2.105261803
1826,23.75,-28.75,01.01.17,3.198527098
1827,21.25,-26.25,01.01.17,2.724434853
1828,23.75,-26.25,01.01.17,3.840272427
1829,21.25,-28.75,02.01.17,3.217111826
1830,23.75,-28.75,02.01.17,5.257590294
1831,21.25,-26.25,02.01.17,3.24184823
1832,23.75,-26.25,02.01.17,5.457024574
1833,21.25,-28.75,03.01.17,0.459450811
1834,23.75,-28.75,03.01.17,0.599785209
1835,21.25,-26.25,03.01.17,0.73826766
1836,23.75,-26.25,03.01.17,0.244832128